Humidity,Tepmrature,Label
43.82,30.21,1
43.79,30.2,1
43.79,30.19,1
43.79,30.19,1
43.79,30.19,1
43.79,30.19,1
43.79,30.19,1
43.79,30.19,1
43.79,30.21,1
43.79,30.22,1
43.82,30.23,1
43.82,30.23,1
43.79,30.23,1
43.79,30.24,1
43.82,30.24,1
43.85,30.23,1
43.85,30.23,1
43.85,30.23,1
43.85,30.22,1
43.85,30.21,1
43.85,30.22,1
43.85,30.22,1
43.85,30.22,1
43.88,30.22,1
43.92,30.21,1
43.88,30.21,1
43.85,30.22,1
43.82,30.23,1
43.82,30.23,1
43.79,30.23,1
43.82,30.23,1
43.79,30.23,1
43.82,30.24,1
43.85,30.24,1
43.88,30.24,1
43.92,30.23,1
43.92,30.23,1
43.92,30.22,1
43.85,30.23,1
43.88,30.24,1
43.88,30.21,1
43.92,30.22,1
43.88,30.19,1
43.88,30.21,1
43.92,30.19,1
43.92,30.2,1
43.92,30.19,1
43.98,30.19,1
43.98,30.19,1
44.02,30.19,1
44.02,30.19,1
43.98,30.2,1
43.98,30.2,1
44.05,30.19,1
44.05,30.19,1
44.05,30.2,1
44.02,30.21,1
44.05,30.2,1
44.05,30.19,1
44.05,30.19,1
44.08,30.19,1
44.05,30.21,1
44.05,30.21,1
44.02,30.21,1
43.98,30.19,1
43.98,30.18,1
44.02,30.18,1
44.02,30.18,1
43.98,30.19,1
43.98,30.19,1
43.95,30.19,1
43.98,30.19,1
43.98,30.19,1
43.98,30.19,1
44.05,30.18,1
44.05,30.17,1
44.05,30.17,1
44.12,30.16,1
44.12,30.15,1
44.12,30.15,1
44.12,30.15,1
44.08,30.15,1
44.05,30.15,1
44.08,30.13,1
44.12,30.13,1
44.12,30.13,1
44.15,30.13,1
44.18,30.12,1
44.15,30.14,1
44.15,30.15,1
44.15,30.14,1
44.15,30.16,1
44.18,30.14,1
44.18,30.14,1
44.15,30.15,1
44.15,30.15,1
44.15,30.15,1
44.15,30.15,1
44.18,30.13,1
44.18,30.12,1
44.18,30.12,1
44.22,30.11,1
44.25,30.1,1
44.25,30.09,1
44.25,30.08,1
44.25,30.09,1
44.25,30.1,1
44.28,30.1,1
44.35,30.09,1
44.35,30.09,1
44.35,30.09,1
44.32,30.11,1
44.28,30.11,1
44.28,30.12,1
44.25,30.14,1
44.22,30.16,1
44.18,30.17,1
44.22,30.15,1
44.22,30.15,1
44.25,30.14,1
44.28,30.14,1
44.28,30.13,1
44.28,30.13,1
44.28,30.13,1
44.25,30.13,1
44.25,30.13,1
44.25,30.12,1
44.25,30.11,1
44.25,30.11,1
44.25,30.12,1
44.25,30.13,1
44.22,30.15,1
44.22,30.17,1
44.18,30.18,1
44.18,30.18,1
44.18,30.17,1
44.18,30.18,1
44.18,30.17,1
44.18,30.18,1
44.15,30.19,1
44.18,30.18,1
44.15,30.18,1
44.12,30.19,1
44.18,30.18,1
44.25,30.2,1
44.25,30.19,1
44.32,30.16,1
44.28,30.17,1
44.25,30.17,1
44.22,30.2,1
44.18,30.21,1
44.12,30.23,1
44.12,30.22,1
44.12,30.23,1
44.15,30.22,1
44.15,30.24,1
44.12,30.27,1
44.05,30.28,1
44.05,30.27,1
44.05,30.29,1
44.02,30.27,1
44.05,30.25,1
43.98,30.25,1
44.05,30.23,1
44.05,30.23,1
44.05,30.24,1
44.08,30.22,1
44.12,30.22,1
44.12,30.23,1
44.12,30.23,1
44.08,30.23,1
44.12,30.23,1
44.12,30.23,1
44.12,30.23,1
44.08,30.25,1
44.05,30.26,1
43.98,30.28,1
43.98,30.29,1
43.95,30.3,1
43.95,30.33,1
43.92,30.34,1
43.92,30.33,1
43.92,30.31,1
43.88,30.29,1
43.88,30.29,1
43.85,30.29,1
43.85,30.28,1
43.85,30.28,1
43.82,30.28,1
43.79,30.27,1
43.79,30.27,1
43.82,30.28,1
43.85,30.28,1
43.92,30.32,1
43.88,30.33,1
43.85,30.31,1
43.95,30.27,1
43.95,30.27,1
43.95,30.27,1
43.95,30.27,1
43.92,30.26,1
43.95,30.27,1
43.92,30.26,1
43.95,30.27,1
43.92,30.27,1
43.85,30.27,1
43.85,30.28,1
43.92,30.27,1
43.92,30.25,1
43.95,30.24,1
43.95,30.23,1
43.98,30.23,1
44.02,30.23,1
44.02,30.23,1
44.05,30.23,1
44.02,30.22,1
44.05,30.23,1
44.12,30.23,1
44.12,30.26,1
44.12,30.27,1
44.08,30.29,1
44.05,30.3,1
44.05,30.32,1
44.05,30.34,1
44.05,30.34,1
44.05,30.33,1
43.98,30.33,1
43.98,30.32,1
43.98,30.32,1
43.98,30.31,1
44.02,30.3,1
44.12,30.32,1
44.12,30.33,1
44.15,30.32,1
44.15,30.37,1
44.12,30.37,1
44.12,30.36,1
44.08,30.35,1
44.05,30.35,1
44.05,30.33,1
44.02,30.32,1
44.05,30.29,1
44.12,30.29,1
44.05,30.29,1
44.05,30.27,1
44.12,30.28,1
44.18,30.29,1
44.15,30.29,1
44.25,30.29,1
44.28,30.31,1
44.18,30.3,1
44.25,30.29,1
44.28,30.29,1
44.38,30.28,1
44.42,30.28,1
44.45,30.27,1
44.45,30.27,1
44.45,30.25,1
44.52,30.24,1
44.52,30.24,1
44.48,30.23,1
44.52,30.23,1
44.58,30.23,1
44.61,30.21,1
44.61,30.22,1
44.65,30.23,1
44.68,30.25,1
44.65,30.27,1
44.58,30.26,1
44.55,30.25,1
44.52,30.24,1
44.58,30.23,1
44.58,30.23,1
44.52,30.25,1
44.52,30.23,1
44.52,30.23,1
44.65,30.23,1
44.71,30.26,1
44.68,30.28,1
44.65,30.28,1
44.68,30.28,1
44.65,30.26,1
44.71,30.27,1
44.78,30.28,1
44.75,30.31,1
44.71,30.33,1
44.71,30.35,1
44.65,30.35,1
44.61,30.35,1
44.55,30.34,1
44.58,30.34,1
44.58,30.33,1
44.58,30.35,1
44.61,30.33,1
44.71,30.28,1
44.75,30.27,1
44.78,30.29,1
44.85,30.31,1
44.78,30.33,1
44.78,30.35,1
44.78,30.37,1
44.75,30.37,1
44.71,30.37,1
44.71,30.37,1
44.71,30.38,1
44.68,30.37,1
44.71,30.37,1
44.71,30.38,1
44.78,30.35,1
44.78,30.34,1
44.85,30.33,1
44.91,30.31,1
44.98,30.3,1
45.01,30.29,1
45.01,30.27,1
45.01,30.26,1
44.98,30.23,1
45.01,30.25,1
44.91,30.25,1
44.95,30.24,1
45.01,30.23,1
45.04,30.21,1
45.11,30.21,1
45.11,30.2,1
45.11,30.19,1
45.18,30.17,1
45.18,30.17,1
45.24,30.15,1
45.21,30.17,1
45.24,30.17,1
45.24,30.18,1
45.24,30.17,1
45.28,30.15,1
45.31,30.15,1
45.31,30.17,1
45.31,30.16,1
45.28,30.15,1
45.31,30.15,1
45.31,30.15,1
45.31,30.14,1
45.31,30.13,1
45.28,30.15,1
45.24,30.14,1
45.31,30.15,1
45.44,30.12,1
45.57,30.11,1
45.84,30.1,1
45.97,30.08,1
46.03,30.08,1
46.16,30.05,1
46.16,30.06,1
46.16,30.08,1
46.1,30.07,1
46.1,30.07,1
46.2,30.05,1
46.16,30.04,1
46.13,30.05,1
46.1,30.03,1
46.1,30.03,1
46.1,30.04,1
46.1,30.03,1
46.16,30.01,1
46.16,30,1
46.23,30,1
46.26,30,1
46.23,30,1
46.2,30,1
46.16,30.01,1
46.16,30.01,1
46.2,30.01,1
46.16,29.99,1
46.13,30,1
46.13,29.99,1
46.13,30,1
46.1,30.01,1
46.07,30.01,1
46.03,30.01,1
46.1,29.99,1
46.03,29.99,1
46.03,29.99,1
46.03,29.98,1
46,29.97,1
46.03,29.96,1
46.03,29.95,1
46,29.95,1
46,29.94,1
46,29.94,1
46.03,29.92,1
46.1,29.93,1
46.1,29.92,1
46.1,29.92,1
46.1,29.93,1
45.97,29.92,1
45.9,29.92,1
45.9,29.91,1
45.9,29.88,1
45.97,29.88,1
46.03,29.85,1
46.1,29.83,1
46.26,29.81,1
46.3,29.79,1
46.33,29.78,1
46.36,29.77,1
46.49,29.75,1
46.62,29.73,1
46.62,29.75,1
46.56,29.77,1
46.49,29.76,1
46.49,29.76,1
46.49,29.76,1
46.43,29.77,1
46.36,29.75,1
46.36,29.72,1
46.36,29.7,1
46.46,29.7,1
46.52,29.72,1
46.49,29.75,1
46.46,29.74,1
46.49,29.73,1
46.49,29.74,1
46.49,29.74,1
46.43,29.73,1
46.39,29.71,1
46.39,29.73,1
46.36,29.72,1
46.43,29.71,1
46.56,29.69,1
46.59,29.66,1
46.62,29.66,1
46.62,29.64,1
46.66,29.66,1
46.62,29.67,1
46.62,29.67,1
46.59,29.67,1
46.56,29.67,1
46.56,29.65,1
46.62,29.65,1
46.56,29.65,1
46.56,29.66,1
46.56,29.66,1
46.49,29.65,1
46.52,29.64,1
46.59,29.64,1
46.66,29.62,1
46.72,29.63,1
46.72,29.61,1
46.79,29.63,1
46.82,29.62,1
46.95,29.6,1
46.98,29.61,1
47.08,29.61,1
47.11,29.62,1
47.11,29.61,1
47.15,29.63,1
47.18,29.62,1
47.21,29.63,1
47.15,29.64,1
47.15,29.63,1
47.08,29.63,1
47.08,29.6,1
47.11,29.59,1
47.18,29.58,1
47.21,29.58,1
47.18,29.58,1
47.15,29.57,1
47.15,29.56,1
47.15,29.55,1
47.18,29.54,1
47.21,29.55,1
47.28,29.57,1
47.28,29.57,1
47.34,29.57,1
47.31,29.58,1
47.28,29.59,1
47.24,29.6,1
47.24,29.6,1
47.15,29.61,1
47.15,29.62,1
47.05,29.65,1
47.02,29.66,1
46.95,29.65,1
46.95,29.67,1
46.89,29.67,1
46.82,29.68,1
46.82,29.69,1
46.75,29.7,1
46.79,29.71,1
46.79,29.71,1
46.75,29.72,1
46.72,29.75,1
46.69,29.76,1
46.62,29.77,1
46.62,29.78,1
46.62,29.8,1
46.59,29.82,1
46.56,29.82,1
46.56,29.85,1
46.52,29.87,1
46.46,29.88,1
46.49,29.87,1
46.49,29.87,1
46.49,29.87,1
46.49,29.89,1
46.49,29.88,1
46.49,29.89,1
46.49,29.9,1
46.43,29.89,1
46.43,29.91,1
46.43,29.91,1
46.43,29.93,1
46.39,29.95,1
46.36,29.95,1
46.36,29.95,1
46.3,29.98,1
46.3,29.98,1
46.26,30.01,1
46.23,30.03,1
46.2,30.02,1
46.2,30.03,1
46.2,30.03,1
46.16,30.03,1
46.23,30.03,1
46.23,30.03,1
46.23,30.02,1
46.3,30.01,1
46.33,30.03,1
46.36,30.03,1
46.36,30.02,1
46.36,30.03,1
46.43,30.03,1
46.43,30.03,1
46.43,30.04,1
46.39,30.05,1
46.43,30.05,1
46.39,30.07,1
46.39,30.06,1
46.39,30.05,1
46.46,30.04,1
46.49,30.01,1
46.56,29.97,1
46.62,29.98,1
46.59,29.97,1
46.56,29.99,1
46.52,30.02,1
46.46,30,1
46.43,30.02,1
46.36,30.03,1
46.33,30.01,1
46.3,30.01,1
46.3,30.03,1
46.26,30.02,1
46.3,30.02,1
46.3,30.02,1
46.3,30.03,1
46.3,30.03,1
46.26,30.04,1
46.23,30.03,1
46.23,30.03,1
46.23,30.03,1
46.23,30.03,1
46.2,30.03,1
46.16,30.05,1
46.1,30.05,1
46.07,30.05,1
46.1,30.01,1
46.1,30.01,1
46.1,29.99,1
46.16,29.96,1
46.16,29.97,1
46.2,29.97,1
46.23,29.96,1
46.23,29.95,1
46.3,29.96,1
46.3,29.95,1
46.36,29.96,1
46.3,29.97,1
46.3,29.95,1
46.33,29.92,1
46.36,29.91,1
46.39,29.89,1
46.39,29.89,1
46.43,29.89,1
46.36,29.9,1
46.33,29.93,1
46.3,29.91,1
46.26,29.94,1
46.23,29.96,1
46.2,29.95,1
46.16,29.97,1
46.16,29.97,1
46.13,29.99,1
46.13,29.98,1
46.1,29.99,1
46.07,30.01,1
46,30.01,1
46,30.01,1
45.97,30.01,1
45.97,29.99,1
45.97,29.99,1
45.97,29.99,1
46.03,29.99,1
46.03,29.99,1
46.07,30,1
46.07,30.01,1
46.03,29.99,1
46.03,30,1
46.03,29.99,1
46.1,29.99,1
46.13,30,1
46.16,29.99,1
46.1,29.96,1
46.13,29.93,1
46.16,29.93,1
46.2,29.92,1
46.26,29.91,1
46.3,29.9,1
46.43,29.89,1
46.52,29.9,1
46.59,29.91,1
46.66,29.89,1
46.62,29.87,1
46.69,29.86,1
46.82,29.82,1
46.89,29.78,1
46.92,29.79,1
46.89,29.79,1
46.89,29.75,1
46.92,29.71,1
46.95,29.73,1
46.85,29.69,1
46.95,29.66,1
46.95,29.62,1
46.95,29.64,1
46.89,29.61,1
46.95,29.63,1
46.95,29.61,1
46.95,29.61,1
47.08,29.61,1
47.08,29.61,1
47.08,29.61,1
47.05,29.61,1
47.08,29.6,1
47.05,29.61,1
47.08,29.58,1
47.08,29.54,1
47.11,29.53,1
47.15,29.53,1
47.28,29.51,1
47.34,29.51,1
47.41,29.51,1
47.34,29.49,1
47.38,29.45,1
47.47,29.46,1
47.57,29.45,1
47.6,29.47,1
47.51,29.47,1
47.47,29.45,1
47.44,29.45,1
47.44,29.44,1
47.47,29.44,1
47.47,29.44,1
47.47,29.43,1
47.44,29.41,1
47.54,29.42,1
47.64,29.4,1
47.67,29.39,1
47.67,29.4,1
47.67,29.39,1
47.64,29.4,1
47.6,29.39,1
47.57,29.4,1
47.57,29.39,1
47.51,29.37,1
47.44,29.37,1
47.41,29.38,1
47.47,29.36,1
47.54,29.38,1
47.54,29.38,1
47.6,29.38,1
47.6,29.39,1
47.67,29.38,1
47.73,29.36,1
47.77,29.36,1
47.8,29.35,1
47.73,29.34,1
47.64,29.33,1
47.6,29.3,1
47.6,29.29,1
47.6,29.31,1
47.6,29.29,1
47.67,29.29,1
47.67,29.29,1
47.67,29.3,1
47.67,29.31,1
47.67,29.31,1
47.67,29.3,1
47.7,29.28,1
47.7,29.28,1
47.77,29.27,1
47.77,29.26,1
47.8,29.26,1
47.8,29.25,1
47.83,29.27,1
47.8,29.25,1
47.73,29.25,1
47.77,29.27,1
47.73,29.26,1
47.67,29.27,1
47.67,29.28,1
47.6,29.29,1
47.6,29.29,1
47.57,29.28,1
47.6,29.27,1
47.6,29.26,1
47.6,29.25,1
47.64,29.26,1
47.64,29.27,1
47.67,29.27,1
47.73,29.26,1
47.8,29.24,1
47.9,29.24,1
47.93,29.24,1
47.9,29.25,1
47.86,29.25,1
47.83,29.24,1
47.86,29.23,1
47.9,29.23,1
47.93,29.21,1
47.99,29.2,1
47.99,29.21,1
48.03,29.2,1
48.06,29.21,1
48.03,29.2,1
48.06,29.18,1
48.12,29.16,1
48.19,29.17,1
48.19,29.17,1
48.25,29.17,1
48.29,29.17,1
48.35,29.14,1
48.35,29.13,1
48.32,29.13,1
48.32,29.12,1
48.35,29.13,1
48.32,29.13,1
48.25,29.14,1
48.25,29.13,1
48.29,29.12,1
48.35,29.12,1
48.32,29.13,1
48.32,29.14,1
48.35,29.14,1
48.42,29.13,1
48.42,29.13,1
48.45,29.12,1
48.42,29.13,1
48.38,29.14,1
48.38,29.12,1
48.42,29.12,1
48.45,29.11,1
48.45,29.11,1
48.51,29.11,1
48.58,29.11,1
48.64,29.12,1
48.64,29.09,1
48.71,29.11,1
48.74,29.09,1
48.77,29.1,1
48.84,29.09,1
48.9,29.09,1
48.9,29.09,1
48.9,29.1,1
48.9,29.08,1
48.94,29.07,1
48.9,29.07,1
48.77,29.07,1
48.71,29.07,1
48.74,29.07,1
48.77,29.08,1
48.77,29.08,1
48.84,29.07,1
48.94,29.07,1
49.13,29.05,1
49.16,29.04,1
49.23,29.03,1
49.23,29.04,1
49.16,29.05,1
49.16,29.04,1
49.03,29.07,1
49.03,29.06,1
48.9,29.07,1
48.84,29.06,1
48.84,29.07,1
48.87,29.06,1
48.9,29.06,1
48.74,29.05,1
48.64,29.04,1
48.64,29.05,1
48.64,29.04,1
48.64,29.03,1
48.64,29.03,1
48.64,29.03,1
48.64,29.03,1
48.58,29.03,1
48.64,29.02,1
48.68,29.01,1
48.74,29.03,1
48.77,29.06,1
48.77,29.07,1
48.74,29.09,1
48.74,29.08,1
48.74,29.09,1
48.74,29.08,1
48.71,29.09,1
48.71,29.09,1
48.68,29.1,1
48.71,29.1,1
48.71,29.1,1
48.68,29.11,1
48.68,29.1,1
48.68,29.11,1
48.71,29.11,1
48.71,29.12,1
48.71,29.12,1
48.71,29.13,1
48.77,29.14,1
48.81,29.14,1
48.77,29.14,1
48.81,29.15,1
48.77,29.17,1
48.81,29.18,1
48.81,29.17,1
48.77,29.18,1
48.81,29.19,1
48.77,29.19,1
48.77,29.21,1
48.84,29.21,1
48.81,29.21,1
48.84,29.23,1
48.84,29.23,1
48.84,29.23,1
48.84,29.22,1
48.87,29.24,1
48.9,29.25,1
48.9,29.24,1
48.94,29.24,1
48.84,29.22,1
48.81,29.21,1
48.87,29.19,1
48.9,29.2,1
48.84,29.19,1
48.9,29.22,1
49,29.2,1
49.03,29.2,1
49.06,29.19,1
49.03,29.19,1
49.03,29.17,1
49.03,29.15,1
49.1,29.15,1
49.1,29.15,1
49.06,29.14,1
49.06,29.13,1
49.03,29.13,1
49.03,29.1,1
49.06,29.08,1
49.1,29.06,1
49.1,29.06,1
49.06,29.06,1
49.06,29.03,1
49.1,29.03,1
49.1,29.03,1
49.1,29.03,1
49.1,29.01,1
49.1,29,1
49.1,28.99,1
49.1,28.95,1
49.13,28.93,1
49.16,28.9,1
49.23,28.87,1
49.23,28.84,1
49.26,28.83,1
49.29,28.82,1
49.32,28.81,1
49.29,28.79,1
49.29,28.76,1
49.26,28.76,1
49.23,28.75,1
49.23,28.73,1
49.23,28.72,1
49.23,28.72,1
49.19,28.74,1
49.13,28.74,1
49.03,28.74,1
48.9,28.75,1
48.81,28.74,1
48.74,28.72,1
48.84,28.72,1
48.9,28.73,1
48.94,28.73,1
48.97,28.73,1
48.97,28.73,1
49,28.74,1
49,28.76,1
48.97,28.78,1
48.97,28.77,1
48.97,28.78,1
48.81,28.75,1
48.77,28.74,1
48.81,28.71,1
48.84,28.71,1
48.94,28.69,1
49.03,28.68,1
49.1,28.68,1
49.13,28.69,1
49.16,28.66,1
49.16,28.66,1
49.29,28.64,1
49.39,28.62,1
49.42,28.6,1
49.39,28.59,1
49.39,28.57,1
49.36,28.57,1
49.39,28.57,1
49.45,28.57,1
49.48,28.57,1
49.45,28.57,1
49.42,28.57,1
49.42,28.58,1
49.42,28.59,1
49.42,28.59,1
49.55,28.59,1
49.55,28.6,1
49.42,28.62,1
49.29,28.61,1
49.19,28.63,1
49.29,28.63,1
49.52,28.63,1
49.55,28.65,1
49.42,28.67,1
49.39,28.67,1
49.36,28.67,1
49.32,28.68,1
49.1,28.68,1
49.16,28.69,1
49.23,28.69,1
49.26,28.69,1
49.36,28.68,1
49.39,28.7,1
49.48,28.69,1
49.55,28.69,1
49.58,28.68,1
49.58,28.69,1
49.58,28.69,1
49.65,28.69,1
49.65,28.69,1
49.65,28.7,1
49.68,28.7,1
49.77,28.69,1
49.87,28.69,1
49.94,28.68,1
49.94,28.67,1
49.94,28.69,1
49.87,28.69,1
49.74,28.69,1
49.68,28.7,1
49.71,28.71,1
49.68,28.69,1
49.71,28.69,1
49.61,28.7,1
49.55,28.69,1
49.48,28.66,1
49.45,28.67,1
49.45,28.68,1
49.45,28.67,1
49.48,28.68,1
49.45,28.69,1
49.48,28.68,1
49.52,28.71,1
49.45,28.71,1
49.42,28.69,1
49.48,28.67,1
49.58,28.67,1
49.61,28.68,1
49.61,28.68,1
49.58,28.68,1
49.61,28.68,1
49.61,28.67,1
49.55,28.66,1
49.52,28.66,1
49.48,28.65,1
49.42,28.64,1
49.26,28.62,1
49.23,28.64,1
49.1,28.65,1
49.03,28.65,1
49.23,28.66,1
49.29,28.64,1
49.29,28.66,1
49.29,28.65,1
49.39,28.65,1
49.42,28.66,1
49.48,28.66,1
49.52,28.64,1
49.55,28.63,1
49.55,28.63,1
49.52,28.63,1
49.39,28.61,1
49.26,28.63,1
49.26,28.62,1
49.29,28.62,1
49.32,28.62,1
49.36,28.6,1
49.39,28.61,1
49.36,28.59,1
49.36,28.6,1
49.36,28.59,1
49.39,28.57,1
49.42,28.56,1
49.48,28.53,1
49.52,28.52,1
49.55,28.5,1
49.61,28.49,1
49.58,28.51,1
49.61,28.5,1
49.61,28.51,1
49.61,28.51,1
49.61,28.52,1
49.65,28.49,1
49.61,28.52,1
49.61,28.53,1
49.61,28.53,1
49.61,28.54,1
49.61,28.55,1
49.61,28.55,1
49.65,28.55,1
49.68,28.54,1
49.71,28.56,1
49.68,28.55,1
49.71,28.55,1
49.74,28.55,1
49.74,28.55,1
49.74,28.56,1
49.77,28.56,1
49.74,28.58,1
49.61,28.58,1
49.48,28.58,1
49.42,28.57,1
49.42,28.57,1
49.42,28.59,1
49.42,28.58,1
49.48,28.55,1
49.61,28.55,1
49.61,28.55,1
49.55,28.54,1
49.61,28.54,1
49.65,28.53,1
49.68,28.54,1
49.68,28.53,1
49.74,28.52,1
49.77,28.52,1
49.84,28.51,1
49.84,28.51,1
49.81,28.49,1
49.74,28.5,1
49.74,28.52,1
49.74,28.53,1
49.71,28.54,1
49.71,28.54,1
49.77,28.56,1
49.81,28.57,1
49.81,28.55,1
49.81,28.55,1
49.84,28.55,1
49.77,28.55,1
49.77,28.53,1
49.68,28.53,1
49.61,28.53,1
49.55,28.52,1
49.55,28.52,1
49.48,28.53,1
49.42,28.54,1
49.32,28.55,1
49.29,28.57,1
49.23,28.57,1
49.16,28.57,1
49.13,28.57,1
49.06,28.57,1
49.1,28.58,1
49.26,28.59,1
49.48,28.6,1
49.52,28.62,1
49.61,28.61,1
49.61,28.61,1
49.61,28.61,1
49.52,28.61,1
49.45,28.61,1
49.42,28.6,1
49.45,28.58,1
49.48,28.59,1
49.42,28.58,1
49.36,28.57,1
49.32,28.58,1
49.36,28.58,1
49.48,28.59,1
49.52,28.61,1
49.52,28.63,1
49.48,28.63,1
49.48,28.65,1
49.39,28.66,1
49.29,28.68,1
49.26,28.67,1
49.32,28.66,1
49.48,28.65,1
49.48,28.64,1
49.45,28.63,1
49.36,28.65,1
49.26,28.64,1
49.19,28.63,1
49.23,28.62,1
49.26,28.62,1
49.29,28.6,1
49.36,28.59,1
49.39,28.59,1
49.42,28.61,1
49.42,28.61,1
49.42,28.62,1
49.39,28.62,1
49.42,28.62,1
49.42,28.63,1
49.39,28.64,1
49.36,28.64,1
49.36,28.65,1
49.42,28.67,1
49.48,28.68,1
49.45,28.69,1
49.42,28.71,1
49.36,28.71,1
49.29,28.7,1
49.26,28.69,1
49.23,28.68,1
49.26,28.68,1
49.29,28.67,1
49.26,28.68,1
49.26,28.66,1
49.23,28.65,1
49.23,28.64,1
49.23,28.64,1
49.23,28.66,1
49.23,28.67,1
49.19,28.66,1
49.16,28.65,1
49.19,28.65,1
49.16,28.65,1
49.19,28.67,1
49.19,28.69,1
49.19,28.71,1
49.23,28.75,1
49.26,28.77,1
49.19,28.8,1
49.16,28.78,1
49.13,28.77,1
49.1,28.77,1
49.03,28.77,1
48.97,28.76,1
48.97,28.76,1
48.94,28.75,1
48.9,28.73,1
48.84,28.72,1
48.84,28.73,1
48.84,28.73,1
48.84,28.75,1
48.84,28.77,1
48.84,28.81,1
48.77,28.83,1
48.71,28.85,1
48.68,28.85,1
48.64,28.86,1
48.64,28.84,1
48.71,28.84,1
48.71,28.85,1
48.71,28.87,1
48.74,28.85,1
48.74,28.87,1
48.74,28.84,1
48.71,28.84,1
48.77,28.83,1
48.81,28.84,1
48.81,28.83,1
48.77,28.85,1
48.77,28.89,1
48.71,28.89,1
48.71,28.89,1
48.71,28.88,1
48.64,28.89,1
48.64,28.9,1
48.64,28.91,1
48.61,28.92,1
48.58,28.93,1
48.58,28.94,1
48.58,28.95,1
48.58,28.98,1
48.58,29,1
48.55,29.02,1
48.48,29.02,1
48.48,29.01,1
48.45,29.01,1
48.42,29,1
48.38,29,1
48.38,29.01,1
48.38,29.01,1
48.38,29.01,1
48.42,29.01,1
48.42,29,1
48.42,29.02,1
48.38,29.03,1
48.38,29.02,1
48.42,29.03,1
48.38,29.03,1
48.42,29.01,1
48.48,29.06,1
48.48,29.07,1
48.45,29.08,1
48.45,29.11,1
48.42,29.09,1
48.42,29.09,1
48.38,29.09,1
48.38,29.07,1
48.38,29.06,1
48.48,29.07,1
48.51,29.08,1
48.55,29.07,1
48.58,29.08,1
48.51,29.07,1
48.48,29.06,1
48.51,29.06,1
48.58,29.04,1
48.64,29.03,1
48.68,29.02,1
48.68,29.02,1
48.68,29.01,1
48.71,29,1
48.74,29,1
48.74,28.98,1
48.84,28.97,1
48.84,28.97,1
48.84,28.97,1
48.84,28.95,1
48.94,28.95,1
48.94,28.95,1
48.97,28.94,1
49.03,28.95,1
49.1,28.94,1
49.06,28.95,1
49.03,28.95,1
49.03,28.95,1
49.03,28.94,1
49,28.93,1
49,28.92,1
49,28.92,1
49.03,28.89,1
49.1,28.88,1
49.19,28.89,1
49.23,28.87,1
49.23,28.86,1
49.23,28.84,1
49.29,28.83,1
49.36,28.82,1
49.36,28.83,1
49.36,28.84,1
49.36,28.84,1
49.42,28.84,1
49.45,28.83,1
49.52,28.81,1
49.55,28.84,1
49.48,28.83,1
49.48,28.84,1
49.48,28.83,1
49.52,28.82,1
49.52,28.8,1
49.55,28.81,1
49.55,28.82,1
49.55,28.81,1
49.55,28.79,1
49.58,28.78,1
49.61,28.78,1
49.61,28.77,1
49.61,28.77,1
49.61,28.77,1
49.61,28.79,1
49.58,28.79,1
49.61,28.77,1
49.65,28.77,1
49.68,28.77,1
49.68,28.77,1
49.68,28.76,1
49.68,28.75,1
49.68,28.73,1
49.74,28.74,1
49.77,28.73,1
49.81,28.74,1
49.77,28.75,1
49.81,28.74,1
49.9,28.73,1
49.9,28.74,1
49.87,28.75,1
49.87,28.76,1
49.84,28.77,1
49.87,28.76,1
49.9,28.77,1
49.87,28.79,1
49.97,28.77,1
49.97,28.76,1
50,28.77,1
50,28.77,1
50.1,28.78,1
50.26,28.8,1
50.35,28.79,1
50.29,28.8,1
50.23,28.8,1
50.13,28.78,1
50.19,28.77,1
50.32,28.76,1
50.35,28.76,1
50.32,28.74,1
50.39,28.74,1
50.32,28.75,1
50.29,28.76,1
50.23,28.76,1
50.19,28.75,1
50.23,28.75,1
50.23,28.75,1
50.32,28.74,1
50.32,28.73,1
50.32,28.75,1
50.32,28.74,1
50.32,28.74,1
50.29,28.75,1
50.26,28.75,1
50.23,28.75,1
50.19,28.76,1
50.19,28.75,1
50.35,28.73,1
50.39,28.73,1
50.39,28.73,1
50.35,28.73,1
50.32,28.74,1
50.35,28.75,1
50.42,28.74,1
50.45,28.74,1
50.39,28.75,1
50.39,28.73,1
50.42,28.74,1
50.48,28.73,1
50.48,28.73,1
50.45,28.76,1
50.51,28.75,1
50.58,28.74,1
50.58,28.73,1
50.48,28.73,1
50.45,28.74,1
50.39,28.73,1
50.39,28.72,1
50.39,28.71,1
50.42,28.71,1
50.39,28.71,1
50.39,28.7,1
50.32,28.71,1
50.32,28.71,1
50.32,28.72,1
50.29,28.73,1
50.29,28.73,1
50.32,28.73,1
50.29,28.74,1
50.35,28.73,1
50.39,28.73,1
50.42,28.73,1
50.45,28.73,1
50.45,28.72,1
50.48,28.72,1
50.45,28.73,1
50.48,28.72,1
50.51,28.73,1
50.51,28.73,1
50.58,28.73,1
50.61,28.71,1
50.64,28.68,1
50.71,28.69,1
50.8,28.67,1
50.83,28.67,1
50.87,28.66,1
50.9,28.67,1
50.93,28.66,1
50.96,28.67,1
51.03,28.66,1
51.03,28.66,1
51.03,28.66,1
51.03,28.66,1
51.03,28.67,1
51.03,28.67,1
51.03,28.68,1
50.96,28.69,1
50.99,28.68,1
51.06,28.67,1
51.09,28.66,1
51.12,28.67,1
51.15,28.65,1
51.15,28.63,1
51.15,28.63,1
51.15,28.63,1
51.15,28.65,1
51.22,28.65,1
51.25,28.65,1
51.28,28.65,1
51.28,28.65,1
51.28,28.65,1
51.22,28.65,1
51.25,28.63,1
51.28,28.65,1
51.28,28.68,1
51.25,28.68,1
51.22,28.7,1
51.15,28.72,1
51.15,28.73,1
51.09,28.73,1
51.09,28.75,1
50.99,28.79,1
50.9,28.81,1
50.83,28.84,1
50.77,28.85,1
50.74,28.86,1
50.67,28.87,1
50.64,28.89,1
50.58,28.91,1
50.55,28.94,1
50.51,28.94,1
50.48,28.97,1
50.45,28.95,1
50.42,28.97,1
50.35,28.99,1
50.32,29.01,1
50.29,29.03,1
50.29,29.04,1
50.26,29.03,1
50.23,29.04,1
50.23,29.05,1
50.19,29.05,1
50.19,29.05,1
50.16,29.08,1
50.13,29.09,1
50.1,29.09,1
50.1,29.09,1
50.13,29.09,1
50.16,29.1,1
50.13,29.08,1
50.16,29.1,1
50.16,29.09,1
50.19,29.08,1
50.19,29.08,1
50.13,29.06,1
50.06,29.07,1
50.06,29.04,1
50.16,29.07,1
50.16,29.07,1
50.19,29.08,1
50.26,29.09,1
50.26,29.08,1
50.26,29.07,1
50.26,29.07,1
50.23,29.07,1
50.26,29.08,1
50.23,29.07,1
50.29,29.07,1
50.35,29.07,1
50.39,29.06,1
50.42,29.05,1
50.45,29.03,1
50.45,29.02,1
50.48,29.03,1
50.51,29.02,1
50.51,29.03,1
50.51,29.03,1
50.51,29.01,1
50.51,29.02,1
50.48,29.02,1
50.45,29.03,1
50.45,29.05,1
50.42,29.06,1
50.42,29.09,1
50.39,29.11,1
50.35,29.1,1
50.32,29.1,1
50.29,29.1,1
50.32,29.1,1
50.39,29.11,1
50.45,29.1,1
50.45,29.09,1
50.48,29.08,1
50.55,29.06,1
50.61,29.03,1
50.64,29.02,1
50.64,28.99,1
50.67,29,1
50.71,28.98,1
50.74,28.96,1
50.77,28.97,1
50.8,28.96,1
50.83,28.98,1
50.74,28.98,1
50.64,28.98,1
50.64,28.98,1
50.67,28.97,1
50.67,28.95,1
50.77,28.95,1
50.83,28.94,1
50.83,28.94,1
50.87,28.91,1
50.9,28.88,1
50.9,28.88,1
50.87,28.91,1
50.8,28.92,1
50.83,28.93,1
50.8,28.92,1
50.83,28.91,1
50.9,28.91,1
50.96,28.91,1
51.03,28.91,1
51.09,28.89,1
51.12,28.89,1
51.15,28.88,1
51.15,28.88,1
51.19,28.89,1
51.15,28.87,1
51.12,28.89,1
51.09,28.9,1
51.09,28.89,1
51.09,28.89,1
51.15,28.87,1
51.15,28.87,1
51.19,28.86,1
51.22,28.85,1
51.22,28.86,1
51.19,28.85,1
51.22,28.86,1
51.22,28.86,1
51.25,28.86,1
51.25,28.85,1
51.22,28.86,1
51.15,28.86,1
51.15,28.89,1
51.09,28.88,1
51.06,28.89,1
51.06,28.89,1
51.03,28.91,1
50.99,28.93,1
50.96,28.94,1
50.96,28.94,1
50.99,28.97,1
50.99,28.99,1
50.96,28.99,1
50.96,29,1
50.93,29,1
50.93,29.01,1
50.96,29,1
50.96,29,1
50.93,28.97,1
50.96,28.97,1
50.96,28.96,1
51.03,28.93,1
51.03,28.93,1
51.06,28.92,1
51.06,28.92,1
51.06,28.91,1
51.06,28.91,1
51.09,28.91,1
51.09,28.9,1
50.99,28.92,1
50.99,28.91,1
51.03,28.9,1
50.99,28.89,1
50.96,28.9,1
51.03,28.89,1
51.12,28.88,1
51.22,28.87,1
51.35,28.85,1
51.51,28.83,1
51.6,28.8,1
51.67,28.81,1
51.67,28.81,1
51.7,28.79,1
51.73,28.79,1
51.86,28.79,1
51.89,28.79,1
51.89,28.79,1
51.92,28.75,1
51.95,28.74,1
51.98,28.75,1
52.02,28.72,1
52.05,28.73,1
52.05,28.72,1
52.08,28.68,1
52.14,28.67,1
52.18,28.68,1
52.18,28.68,1
52.18,28.68,1
52.11,28.69,1
52.11,28.69,1
52.14,28.69,1
52.24,28.65,1
52.24,28.66,1
52.3,28.66,1
52.3,28.65,1
52.3,28.65,1
52.3,28.65,1
52.33,28.66,1
52.37,28.64,1
52.43,28.63,1
52.49,28.63,1
52.49,28.61,1
52.52,28.59,1
52.52,28.6,1
52.56,28.57,1
52.59,28.54,1
52.62,28.53,1
52.62,28.52,1
52.68,28.53,1
52.71,28.52,1
52.75,28.52,1
52.75,28.53,1
52.75,28.54,1
52.78,28.53,1
52.75,28.55,1
52.75,28.53,1
52.68,28.54,1
52.68,28.55,1
52.68,28.54,1
52.65,28.54,1
52.68,28.55,1
52.75,28.54,1
52.78,28.52,1
52.81,28.53,1
52.81,28.51,1
52.78,28.51,1
52.84,28.5,1
52.87,28.49,1
52.91,28.49,1
52.94,28.49,1
52.94,28.5,1
52.94,28.49,1
52.94,28.5,1
52.97,28.48,1
53.06,28.45,1
53.16,28.44,1
53.16,28.45,1
53.13,28.45,1
53.13,28.43,1
53.19,28.41,1
53.22,28.41,1
53.25,28.4,1
53.25,28.39,1
53.25,28.41,1
53.28,28.41,1
53.25,28.42,1
53.22,28.41,1
53.25,28.4,1
53.25,28.41,1
53.22,28.41,1
53.25,28.4,1
53.25,28.42,1
53.25,28.41,1
53.32,28.41,1
53.32,28.41,1
53.38,28.4,1
53.38,28.41,1
53.41,28.41,1
53.51,28.41,1
53.6,28.41,1
53.63,28.4,1
53.7,28.39,1
53.7,28.39,1
53.7,28.36,1
53.76,28.35,1
53.85,28.34,1
53.98,28.33,1
53.92,28.35,1
53.82,28.36,1
53.79,28.37,1
53.76,28.39,1
53.76,28.37,1
53.76,28.36,1
53.76,28.36,1
53.76,28.36,1
53.7,28.38,1
53.73,28.38,1
53.73,28.36,1
53.73,28.39,1
53.73,28.38,1
53.73,28.37,1
53.73,28.37,1
53.7,28.39,1
53.7,28.39,1
53.73,28.36,1
53.79,28.35,1
53.82,28.36,1
53.85,28.35,1
53.88,28.33,1
53.95,28.32,1
53.95,28.32,1
53.92,28.31,1
53.85,28.31,1
53.88,28.33,1
53.82,28.32,1
53.82,28.35,1
53.82,28.34,1
53.88,28.35,1
53.92,28.35,1
53.92,28.36,1
54.04,28.35,1
54.07,28.35,1
54.14,28.34,1
54.2,28.31,1
54.23,28.3,1
54.23,28.31,1
54.26,28.29,1
54.32,28.28,1
54.36,28.25,1
54.39,28.27,1
54.42,28.26,1
54.48,28.25,1
54.54,28.21,1
54.61,28.21,1
54.61,28.22,1
54.61,28.22,1
54.58,28.22,1
54.58,28.23,1
54.61,28.21,1
54.64,28.19,1
54.7,28.18,1
54.73,28.19,1
54.76,28.19,1
54.73,28.19,1
54.7,28.19,1
54.7,28.21,1
54.73,28.22,1
54.73,28.19,1
54.73,28.19,1
54.73,28.21,1
54.7,28.22,1
54.7,28.23,1
54.7,28.23,1
54.73,28.23,1
54.76,28.24,1
54.76,28.23,1
54.86,28.21,1
54.92,28.21,1
54.95,28.21,1
54.92,28.21,1
54.89,28.2,1
54.89,28.2,1
54.92,28.21,1
54.89,28.21,1
54.89,28.21,1
54.92,28.2,1
54.92,28.19,1
54.92,28.21,1
54.92,28.21,1
54.89,28.2,1
54.89,28.2,1
54.89,28.21,1
54.89,28.21,1
54.92,28.22,1
54.89,28.21,1
54.95,28.22,1
55.14,28.21,1
55.26,28.21,1
55.33,28.21,1
55.36,28.2,1
55.36,28.2,1
55.33,28.21,1
55.26,28.2,1
55.23,28.19,1
55.23,28.2,1
55.17,28.22,1
55.14,28.21,1
55.11,28.22,1
55.11,28.22,1
55.14,28.22,1
55.14,28.21,1
55.14,28.22,1
55.14,28.23,1
55.14,28.23,1
55.14,28.22,1
55.2,28.2,1
55.23,28.21,1
55.23,28.19,1
55.23,28.18,1
55.33,28.17,1
55.36,28.18,1
55.36,28.18,1
55.33,28.2,1
55.3,28.2,1
55.3,28.2,1
55.26,28.2,1
55.3,28.18,1
55.3,28.2,1
55.26,28.2,1
55.23,28.2,1
55.2,28.21,1
55.2,28.21,1
55.26,28.19,1
55.3,28.2,1
55.3,28.2,1
55.26,28.2,1
55.3,28.18,1
55.3,28.2,1
55.26,28.2,1
55.23,28.2,1
55.2,28.21,1
55.2,28.21,1
55.26,28.19,1
55.3,28.2,1
55.3,28.2,1
55.3,28.21,1
55.3,28.2,1
55.36,28.2,1
55.39,28.19,1
55.51,28.2,1
55.58,28.18,1
55.58,28.18,1
55.58,28.19,1
55.61,28.17,1
55.64,28.15,1
55.7,28.17,1
55.7,28.17,1
55.67,28.16,1
55.7,28.16,1
55.7,28.17,1
55.7,28.16,1
55.7,28.15,1
55.73,28.16,1
55.76,28.15,1
55.76,28.16,1
55.76,28.16,1
55.76,28.16,1
55.83,28.17,1
55.86,28.16,1
55.92,28.15,1
55.92,28.14,1
55.95,28.14,1
56.04,28.13,1
56.08,28.13,1
56.08,28.13,1
56.14,28.12,1
56.26,28.11,1
56.35,28.11,1
56.32,28.12,1
56.39,28.14,1
56.42,28.13,1
56.39,28.14,1
56.39,28.12,1
56.39,28.14,1
56.39,28.14,1
56.42,28.13,1
56.57,28.13,1
56.73,28.13,1
56.82,28.15,1
57.01,28.15,1
57.16,28.15,1
57.19,28.16,1
57.19,28.17,1
57.19,28.15,1
57.19,28.15,1
57.01,28.15,1
56.76,28.15,1
56.88,28.15,1
56.88,28.15,1
56.97,28.14,1
57.07,28.13,1
57.13,28.11,1
57.25,28.1,1
57.16,28.09,1
57.04,28.08,1
56.94,28.09,1
56.82,28.09,1
56.82,28.09,1
56.79,28.08,1
56.79,28.11,1
56.76,28.1,1
56.73,28.13,1
56.73,28.14,1
56.79,28.14,1
56.88,28.14,1
56.88,28.14,1
56.88,28.15,1
57.01,28.15,1
57.07,28.14,1
57.13,28.14,1
57.1,28.14,1
57.07,28.13,1
57.07,28.13,1
57.1,28.12,1
57.13,28.13,1
57.19,28.12,1
57.22,28.12,1
57.25,28.13,1
57.22,28.14,1
57.25,28.17,1
57.28,28.17,1
57.38,28.17,1
57.38,28.17,1
57.41,28.18,1
57.35,28.19,1
57.31,28.19,1
57.28,28.18,1
57.35,28.17,1
57.35,28.18,1
57.35,28.19,1
57.25,28.17,1
57.25,28.17,1
57.28,28.16,1
57.28,28.14,1
57.31,28.16,1
57.28,28.16,1
57.25,28.17,1
57.31,28.18,1
57.25,28.19,1
57.19,28.21,1
57.41,28.19,1
57.68,28.19,1
57.93,28.2,1
58.02,28.2,1
58.12,28.19,1
58.21,28.19,1
58.18,28.19,1
58.12,28.2,1
58.12,28.19,1
58.18,28.19,1
58.15,28.16,1
58.05,28.17,1
58.02,28.16,1
57.93,28.18,1
57.9,28.18,1
57.93,28.18,1
57.99,28.19,1
58.21,28.17,1
58.39,28.15,1
58.61,28.13,1
58.79,28.12,1
58.85,28.11,1
58.82,28.1,1
58.79,28.11,1
58.82,28.12,1
58.88,28.11,1
58.91,28.11,1
58.94,28.13,1
58.94,28.13,1
58.94,28.12,1
58.85,28.12,1
58.82,28.13,1
58.79,28.14,1
58.73,28.16,1
58.7,28.17,1
58.7,28.16,1
58.7,28.17,1
58.76,28.17,1
58.79,28.15,1
58.82,28.12,1
58.82,28.12,1
58.88,28.12,1
58.85,28.14,1
58.97,28.13,1
59.1,28.13,1
59.1,28.13,1
59.04,28.13,1
59.1,28.11,1
59.16,28.1,1
59.19,28.1,1
59.22,28.13,1
59.22,28.12,1
59.25,28.11,1
59.19,28.13,1
59.22,28.13,1
59.31,28.11,1
59.34,28.11,1
59.46,28.13,1
59.46,28.14,1
59.46,28.14,1
59.43,28.15,1
59.4,28.13,1
59.37,28.12,1
59.4,28.11,1
59.46,28.1,1
59.49,28.08,1
59.49,28.09,1
59.49,28.11,1
59.49,28.12,1
59.43,28.12,1
59.43,28.13,1
59.46,28.13,1
59.4,28.13,1
59.4,28.13,1
59.43,28.14,1
59.46,28.13,1
59.49,28.15,1
59.55,28.16,1
59.55,28.17,1
59.49,28.16,1
59.52,28.14,1
59.58,28.11,1
59.65,28.09,1
59.71,28.07,1
59.74,28.08,1
59.74,28.09,1
59.74,28.1,1
59.71,28.11,1
59.68,28.12,1
59.65,28.12,1
59.58,28.14,1
59.61,28.13,1
59.58,28.14,1
59.52,28.15,1
59.49,28.15,1
59.49,28.14,1
59.49,28.16,1
59.46,28.16,1
59.4,28.15,1
59.37,28.14,1
59.43,28.13,1
59.49,28.13,1
59.52,28.15,1
59.49,28.15,1
59.46,28.15,1
59.4,28.15,1
59.43,28.16,1
59.4,28.15,1
59.43,28.14,1
59.52,28.13,1
59.61,28.13,1
59.77,28.13,1
59.86,28.15,1
59.83,28.16,1
59.98,28.5,1
59.89,28.5,1
59.89,28.47,1
59.86,28.47,1
59.83,28.47,1
59.95,28.44,1
60.01,28.43,1
60.1,28.42,1
60.13,28.4,1
60.13,28.4,1
60.1,28.41,1
60.1,28.39,1
60.13,28.4,1
60.1,28.41,1
59.98,28.41,1
59.98,28.45,1
59.92,28.45,1
59.86,28.46,1
59.77,28.47,1
59.77,28.47,1
59.74,28.47,1
59.77,28.47,1
59.65,28.47,1
59.34,28.47,1
59.1,28.47,1
59.37,28.46,1
59.61,28.49,1
59.68,28.5,1
59.68,28.52,1
59.31,28.5,1
59,28.5,1
58.79,28.49,1
58.73,28.48,1
58.82,28.48,1
59.16,28.48,1
59.52,28.5,1
59.68,28.52,1
59.74,28.51,1
59.77,28.5,1
59.8,28.48,1
59.74,28.48,1
59.77,28.47,1
59.74,28.47,1
59.74,28.47,1
59.83,28.49,1
59.89,28.51,1
59.89,28.51,1
59.95,28.5,1
59.98,28.5,1
59.98,28.5,1
59.95,28.51,1
59.77,28.52,1
59.77,28.51,1
59.8,28.53,1
59.77,28.54,1
59.83,28.55,1
59.86,28.54,1
59.86,28.54,1
59.92,28.51,1
59.92,28.51,1
60.01,28.51,1
59.98,28.51,1
60.01,28.51,1
60.04,28.5,1
60.07,28.51,1
60.07,28.5,1
60.13,28.49,1
60.16,28.47,1
60.07,28.47,1
59.83,28.47,1
59.83,28.45,1
59.65,28.45,1
59.83,28.46,1
59.98,28.47,1
60.13,28.48,1
60.19,28.48,1
60.16,28.5,1
60.07,28.49,1
60.16,28.5,1
60.22,28.5,1
60.25,28.5,1
60.22,28.52,1
60.1,28.51,1
59.98,28.54,1
59.68,28.52,1
59.92,28.52,1
60.07,28.53,1
60.04,28.52,1
60.07,28.53,1
60.07,28.53,1
60.1,28.53,1
60.16,28.53,1
60.19,28.52,1
60.13,28.53,1
60.04,28.52,1
60.07,28.52,1
60.13,28.51,1
60.16,28.49,1
60.19,28.48,1
60.16,28.45,1
60.31,28.42,1
60.4,28.43,1
60.5,28.39,1
60.5,28.39,1
60.59,28.39,1
60.56,28.38,1
60.59,28.36,1
60.65,28.37,1
60.44,28.36,1
60.31,28.37,1
60.22,28.37,1
60.22,28.36,1
60.4,28.37,1
60.56,28.39,1
60.68,28.4,1
60.74,28.38,1
60.77,28.37,1
60.8,28.37,1
60.74,28.38,1
60.8,28.37,1
60.71,28.38,1
60.53,28.39,1
60.65,28.39,1
60.68,28.4,1
60.68,28.38,1
60.71,28.36,1
60.77,28.34,1
60.89,28.31,1
60.95,28.28,1
61.01,28.28,1
61.01,28.29,1
61.01,28.29,1
60.95,28.29,1
61.01,28.31,1
61.01,28.32,1
61.01,28.33,1
60.95,28.36,1
60.86,28.39,1
60.8,28.4,1
60.68,28.4,1
60.65,28.41,1
60.71,28.42,1
60.74,28.41,1
60.8,28.38,1
60.86,28.36,1
60.92,28.36,1
60.95,28.34,1
60.95,28.33,1
61.01,28.34,1
61.04,28.35,1
61.01,28.37,1
60.98,28.37,1
60.95,28.38,1
60.89,28.4,1
60.86,28.41,1
60.8,28.4,1
60.8,28.37,1
60.92,28.33,1
60.95,28.33,1
60.98,28.33,1
60.95,28.35,1
60.71,28.35,1
60.68,28.35,1
60.77,28.34,1
60.83,28.36,1
60.89,28.37,1
60.83,28.38,1
60.86,28.37,1
60.98,28.37,1
61.04,28.34,1
61.04,28.34,1
60.98,28.34,1
61.04,28.36,1
61.01,28.38,1
60.95,28.39,1
60.89,28.39,1
60.8,28.4,1
60.8,28.38,1
60.74,28.4,1
60.71,28.41,1
60.65,28.4,1
60.71,28.39,1
60.65,28.39,1
60.77,28.39,1
60.8,28.4,1
60.86,28.41,1
60.86,28.42,1
60.86,28.4,1
60.89,28.39,1
60.98,28.37,1
60.98,28.38,1
60.98,28.38,1
60.98,28.39,1
61.01,28.41,1
61.01,28.4,1
60.98,28.41,1
60.92,28.41,1
60.95,28.38,1
61.01,28.38,1
61.1,28.38,1
61.04,28.37,1
61.04,28.37,1
61.01,28.35,1
60.83,28.36,1
60.74,28.34,1
60.71,28.32,1
60.89,28.29,1
60.86,28.3,1
61.04,28.28,1
61.1,28.29,1
61.01,28.27,1
61.04,28.27,1
60.95,28.27,1
60.89,28.25,1
61.16,28.23,1
61.34,28.23,1
61.49,28.21,1
61.43,28.21,1
61.43,28.2,1
61.52,28.2,1
61.55,28.2,1
61.64,28.2,1
61.67,28.2,1
61.7,28.2,1
61.76,28.21,1
61.76,28.21,1
61.76,28.2,1
61.76,28.21,1
61.73,28.21,1
61.7,28.23,1
61.64,28.23,1
61.67,28.23,1
61.73,28.22,1
61.73,28.23,1
61.73,28.23,1
61.7,28.23,1
61.67,28.24,1
61.64,28.24,1
61.58,28.26,1
61.67,28.24,1
61.73,28.22,1
61.73,28.22,1
61.7,28.21,1
61.67,28.23,1
61.58,28.21,1
61.52,28.21,1
61.61,28.2,1
61.7,28.2,1
61.67,28.21,1
61.7,28.2,1
61.73,28.21,1
61.76,28.21,1
61.73,28.21,1
61.7,28.21,1
61.7,28.2,1
61.76,28.2,1
61.76,28.19,1
61.79,28.2,1
61.79,28.19,1
61.76,28.18,1
61.79,28.19,1
61.79,28.19,1
61.82,28.18,1
61.85,28.18,1
61.85,28.18,1
61.88,28.17,1
61.88,28.17,1
61.94,28.17,1
61.94,28.15,1
61.94,28.17,1
61.94,28.16,1
61.94,28.15,1
61.94,28.13,1
61.97,28.13,1
62.03,28.11,1
62.03,28.11,1
62.06,28.1,1
62.06,28.1,1
62.06,28.1,1
62.06,28.1,1
62.12,28.09,1
62.15,28.1,1
62.12,28.11,1
62.12,28.12,1
62.06,28.14,1
62.06,28.15,1
62.06,28.17,1
62.03,28.16,1
62.06,28.17,1
62.03,28.17,1
62.03,28.16,1
62.09,28.15,1
62.09,28.14,1
62.09,28.15,1
62.09,28.14,1
62.06,28.16,1
62.03,28.16,1
62.03,28.17,1
62,28.18,1
62,28.17,1
62,28.15,1
62,28.15,1
62.03,28.15,1
62,28.15,1
62.03,28.14,1
62.03,28.15,1
62.06,28.16,1
62.03,28.15,1
62.09,28.13,1
62.15,28.11,1
62.18,28.11,1
62.21,28.11,1
62.24,28.12,1
62.27,28.12,1
62.27,28.11,1
62.3,28.11,1
62.33,28.12,1
62.33,28.11,1
62.3,28.13,1
62.3,28.12,1
62.3,28.11,1
62.33,28.11,1
62.33,28.13,1
62.3,28.12,1
62.27,28.13,1
62.27,28.13,1
62.24,28.13,1
62.27,28.13,1
62.24,28.13,1
62.18,28.16,1
62.12,28.14,1
62.09,28.15,1
62.03,28.17,1
62,28.18,1
62.06,28.17,1
62.15,28.17,1
62.12,28.18,1
62.21,28.17,1
62.24,28.16,1
62.27,28.16,1
62.27,28.16,1
62.27,28.17,1
62.27,28.16,1
62.21,28.18,1
62.27,28.15,1
62.33,28.14,1
62.42,28.13,1
62.54,28.11,1
62.57,28.1,1
62.57,28.1,1
62.57,28.11,1
62.54,28.1,1
62.54,28.1,1
62.54,28.1,1
62.48,28.11,1
62.45,28.11,1
62.39,28.11,1
62.45,28.11,1
62.48,28.1,1
62.45,28.09,1
62.45,28.09,1
62.48,28.09,1
62.45,28.08,1
62.42,28.09,1
62.42,28.1,1
62.39,28.1,1
62.39,28.11,1
62.36,28.12,1
62.33,28.1,1
62.33,28.12,1
62.36,28.11,1
62.36,28.11,1
62.36,28.1,1
62.36,28.09,1
62.42,28.09,1
62.39,28.08,1
62.42,28.05,1
62.48,28.05,1
62.48,28.08,1
62.48,28.07,1
62.45,28.09,1
62.45,28.08,1
62.48,28.08,1
62.45,28.08,1
62.39,28.1,1
62.33,28.09,1
62.3,28.1,1
62.3,28.11,1
62.33,28.09,1
62.36,28.1,1
62.39,28.08,1
62.36,28.08,1
62.33,28.1,1
62.3,28.11,1
62.3,28.1,1
62.27,28.09,1
62.33,28.09,1
62.45,28.09,1
62.57,28.07,1
62.39,28.06,1
60.77,28.04,0
67.69,33.65,0
61.4,48.24,0
58.64,46.28,0
60.37,42.23,0
62.69,39.32,0
66.27,36.53,0
70.25,34,0
75.77,32.6,0
79.46,31.43,0
82.79,30.61,0
85.32,29.89,0
87.25,29.65,0
88.85,29.52,0
89.46,29.05,0
90.46,28.6,0
91.32,28.29,0
92.13,27.93,0
92.32,27.64,0
92.04,27.33,0
91.9,27.14,0
91.9,26.99,0
92.28,26.97,0
92.56,27.01,0
92.49,26.99,0
92.8,27.07,0
92.58,27.09,0
92.13,27.09,0
91.56,27.05,0
91.18,27.05,0
90.77,27.06,0
89.93,27.06,0
88.9,27.07,0
88.39,27.11,0
86.63,27.16,0
83.94,27.21,0
81.98,27.27,0
78.63,27.32,0
75.22,27.36,0
72.95,27.39,0
71.18,27.42,0
70.33,27.44,0
69.9,27.48,0
69.62,27.5,0
69.39,27.54,0
70.39,27.57,0
70.1,27.56,0
69.33,27.6,0
69.33,27.61,0
68.82,27.63,0
70.02,27.65,0
68.9,27.67,0
68.01,27.68,0
67.2,27.67,0
66.88,27.68,0
66.62,27.69,0
66.44,27.68,0
66.24,27.69,0
66.03,27.68,1
66.03,27.7,1
65.95,27.73,1
66.09,27.71,1
66.41,27.73,1
66.12,27.74,1
65.89,27.73,1
65.77,27.74,1
66,27.73,1
65.83,27.75,1
65.68,27.75,1
65.68,27.75,1
65.68,27.75,1
65.65,27.76,1
65.98,27.79,1
66.62,27.81,1
66.47,27.82,1
66.09,27.83,1
65.54,27.83,1
65.24,27.83,1
65.3,27.83,1
65.18,27.84,1
65.07,27.84,1
65.07,27.85,1
65.36,27.86,1
65.74,27.88,1
65.39,27.87,1
65.04,27.87,1
65.3,27.88,1
65.48,27.89,1
66.3,27.91,1
65.98,27.91,1
65.77,27.91,1
65.36,27.93,1
64.95,27.93,1
64.68,27.91,1
64.56,27.91,1
64.48,27.91,1
64.48,27.92,1
64.48,27.92,1
64.42,27.92,1
64.33,27.91,1
64.33,27.91,1
64.3,27.9,1
64.56,27.9,1
64.92,27.91,1
64.74,27.91,1
64.89,27.93,1
65.27,27.93,1
65.71,27.95,1
65.92,27.96,1
65.45,27.96,1
65.33,27.97,1
64.89,27.96,1
64.95,27.96,1
65.01,27.97,1
64.8,27.95,1
64.74,27.95,1
64.59,27.93,1
64.59,27.91,1
64.36,27.91,1
64.3,27.9,1
64.36,27.89,1
64.36,27.88,1
64.39,27.88,1
64.39,27.87,1
64.62,27.89,1
64.65,27.88,1
64.62,27.88,1
64.45,27.88,1
64.39,27.89,1
64.65,27.91,1
64.62,27.9,1
64.53,27.91,1
64.8,27.92,1
64.77,27.93,1
64.56,27.9,1
64.48,27.86,1
64.45,27.86,1
64.48,27.86,1
64.53,27.87,1
64.56,27.87,1
64.68,27.89,1
64.74,27.89,1
64.83,27.88,1
64.8,27.88,1
64.65,27.87,1
64.68,27.89,1
64.56,27.89,1
64.65,27.89,1
64.62,27.9,1
64.51,27.88,1
64.45,27.86,1
64.48,27.85,1
64.51,27.83,1
64.51,27.82,1
64.53,27.83,1
64.56,27.82,1
64.51,27.84,1
64.42,27.83,1
64.45,27.83,1
64.42,27.83,1
64.42,27.81,1
64.45,27.81,1
64.56,27.81,1
64.71,27.81,1
64.65,27.82,1
64.51,27.81,1
64.56,27.81,1
64.68,27.82,1
64.95,27.81,1
64.74,27.81,1
64.68,27.83,1
64.62,27.84,1
64.65,27.83,1
64.65,27.83,1
64.62,27.82,1
64.65,27.81,1
64.68,27.81,1
64.68,27.81,1
64.65,27.8,1
64.65,27.81,1
64.77,27.81,1
64.71,27.8,1
64.65,27.8,1
64.62,27.79,1
64.68,27.77,1
64.8,27.76,1
64.8,27.77,1
64.83,27.77,1
64.83,27.79,1
64.71,27.77,1
64.74,27.77,1
64.77,27.76,1
64.92,27.77,1
64.95,27.77,1
65.04,27.76,1
65.01,27.76,1
64.92,27.75,1
64.92,27.75,1
64.89,27.74,1
64.89,27.75,1
64.86,27.76,1
64.95,27.76,1
65.04,27.76,1
65.12,27.76,1
65.18,27.75,1
65.15,27.75,1
65.21,27.75,1
65.12,27.74,1
65.1,27.75,1
65.12,27.74,1
65.1,27.74,1
65.15,27.75,1
65.36,27.76,1
65.3,27.76,1
65.18,27.75,1
65.18,27.76,1
65.24,27.75,1
65.3,27.75,1
65.33,27.77,1
65.27,27.76,1
65.18,27.76,1
65.12,27.75,1
65.1,27.74,1
65.07,27.72,1
65.1,27.71,1
65.18,27.71,1
65.24,27.7,1
65.27,27.69,1
65.33,27.7,1
65.24,27.71,1
65.3,27.73,1
65.45,27.72,1
65.36,27.73,1
65.27,27.72,1
65.24,27.7,1
65.24,27.71,1
65.21,27.7,1
65.18,27.7,1
65.12,27.69,1
65.1,27.69,1
65.1,27.7,1
65.07,27.69,1
65.12,27.69,1
65.18,27.7,1
65.18,27.69,1
65.18,27.68,1
65.15,27.69,1
65.21,27.69,1
65.21,27.7,1
65.24,27.7,1
65.21,27.71,1
65.21,27.7,1
65.24,27.73,1
65.24,27.73,1
65.21,27.73,1
65.18,27.72,1
65.24,27.73,1
65.3,27.74,1
65.27,27.73,1
65.27,27.73,1
65.3,27.75,1
65.21,27.74,1
65.18,27.74,1
65.18,27.72,1
65.18,27.7,1
65.3,27.69,1
65.42,27.69,1
65.45,27.72,1
65.48,27.71,1
65.48,27.72,1
65.48,27.72,1
65.48,27.73,1
65.45,27.74,1
65.48,27.74,1
65.54,27.73,1
65.59,27.75,1
65.51,27.74,1
65.48,27.76,1
65.48,27.75,1
65.51,27.77,1
65.54,27.76,1
65.45,27.76,1
65.3,27.75,1
65.27,27.73,1
65.27,27.73,1
65.27,27.71,1
65.27,27.72,1
65.3,27.72,1
65.36,27.72,1
65.48,27.71,1
65.51,27.71,1
65.54,27.7,1
65.51,27.69,1
65.45,27.67,1
65.51,27.66,1
65.54,27.66,1
65.54,27.66,1
65.57,27.67,1
65.57,27.69,1
65.54,27.69,1
65.48,27.69,1
65.48,27.69,1
65.59,27.71,1
65.57,27.7,1
65.48,27.7,1
65.51,27.7,1
65.48,27.68,1
65.48,27.7,1
65.27,27.71,1
65.24,27.68,1
65.33,27.71,1
65.42,27.73,1
65.36,27.75,1
65.36,27.75,1
65.36,27.74,1
65.21,27.73,1
65.36,27.73,1
65.36,27.74,1
64.92,27.74,1
65.12,27.75,1
65.71,27.73,1
65.77,27.73,1
65.77,27.74,1
65.74,27.75,1
65.71,27.75,1
65.68,27.77,1
65.65,27.77,1
65.65,27.78,1
65.65,27.75,1
65.62,27.75,1
65.62,27.73,1
65.59,27.74,1
65.59,27.72,1
65.54,27.73,1
65.51,27.74,1
65.54,27.75,1
65.54,27.73,1
65.54,27.73,1
65.48,27.73,1
65.33,27.73,1
65.33,27.72,1
65.48,27.7,1
65.18,27.73,1
65.51,27.72,1
65.62,27.71,1
65.86,27.71,1
66,27.69,1
66.09,27.69,1
66.12,27.71,1
66.06,27.75,1
65.98,27.77,1
65.86,27.8,1
65.77,27.79,1
65.59,27.77,1
65.68,27.77,1
65.83,27.75,1
65.77,27.75,1
65.8,27.76,1
65.89,27.74,1
65.89,27.75,1
65.95,27.76,1
65.92,27.77,1
65.89,27.76,1
65.8,27.77,1
65.3,27.77,1
65.45,27.75,1
65.62,27.75,1
65.71,27.75,1
65.59,27.76,1
65.62,27.75,1
65.45,27.75,1
65.57,27.75,1
65.33,27.74,1
65.45,27.75,1
65.57,27.78,1
65.71,27.76,1
65.71,27.78,1
65.74,27.78,1
65.77,27.78,1
65.74,27.78,1
65.68,27.77,1
65.68,27.75,1
65.77,27.74,1
65.8,27.72,1
65.92,27.72,1
66,27.73,1
66.09,27.73,1
65.92,27.75,1
65.48,27.75,1
65.54,27.73,1
65.68,27.75,1
65.68,27.77,1
65.83,27.77,1
65.65,27.79,1
65.51,27.79,1
65.01,27.79,1
64.98,27.78,1
64.77,27.79,1
64.95,27.79,1
64.65,27.8,1
65.3,27.79,1
65.48,27.81,1
65.65,27.82,1
65.57,27.83,1
65.42,27.84,1
65.15,27.84,1
65.18,27.84,1
65.36,27.86,1
65.39,27.87,1
65.21,27.88,1
65.27,27.87,1
64.95,27.87,1
64.74,27.86,1
65.1,27.86,1
65.36,27.85,1
65.48,27.85,1
65.21,27.83,1
65.39,27.79,1
65.59,27.78,1
65.77,27.78,1
65.62,27.77,1
65.51,27.78,1
65.54,27.78,1
65.57,27.76,1
65.74,27.78,1
65.83,27.78,1
65.8,27.78,1
65.71,27.77,1
65.36,27.76,1
65.51,27.76,1
65.83,27.76,1
65.74,27.77,1
65.86,27.78,1
65.98,27.82,1
65.48,27.83,1
64.8,27.83,1
65.07,27.82,1
65.33,27.83,1
65.57,27.84,1
65.62,27.87,1
65.68,27.89,1
65.42,27.87,1
65.59,27.87,1
65.71,27.91,1
65.68,27.91,1
65.54,27.92,1
65.36,27.93,1
65.33,27.92,1
65.39,27.93,1
65.48,27.91,1
65.45,27.9,1
65.42,27.89,1
65.45,27.88,1
65.36,27.87,1
65.24,27.85,1
65.3,27.87,1
64.92,27.87,1
64.77,27.87,1
65.04,27.88,1
64.92,27.89,1
65.12,27.89,1
65.24,27.89,1
65.39,27.88,1
65.54,27.89,1
65.59,27.89,1
65.54,27.89,1
65.59,27.86,1
65.59,27.84,1
65.59,27.82,1
65.62,27.81,1
65.62,27.79,1
65.68,27.8,1
65.77,27.76,1
65.89,27.77,1
66,27.76,1
66.12,27.74,1
66.18,27.75,1
66.21,27.74,1
66.24,27.74,1
66.21,27.74,1
66.12,27.75,1
66.06,27.76,1
66.03,27.75,1
66.06,27.74,1
66.12,27.74,1
66.27,27.75,1
66.36,27.73,1
66.41,27.73,1
66.53,27.73,1
66.59,27.71,1
66.59,27.72,1
66.62,27.71,1
66.62,27.7,1
66.65,27.68,1
66.71,27.69,1
66.73,27.69,1
66.71,27.71,1
66.56,27.71,1
66.5,27.72,1
66.44,27.73,1
66.44,27.73,1
66.47,27.73,1
66.53,27.72,1
66.56,27.71,1
66.59,27.7,1
66.56,27.71,1
66.5,27.73,1
66.47,27.72,1
66.5,27.73,1
66.47,27.73,1
66.44,27.74,1
66.47,27.73,1
66.47,27.74,1
66.44,27.74,1
66.44,27.73,1
66.47,27.73,1
66.53,27.71,1
66.53,27.71,1
66.53,27.7,1
66.56,27.69,1
66.62,27.68,1
66.62,27.7,1
66.62,27.7,1
66.62,27.71,1
66.65,27.69,1
66.65,27.71,1
66.59,27.72,1
66.56,27.71,1
66.53,27.71,1
66.53,27.7,1
66.5,27.73,1
66.5,27.7,1
66.53,27.69,1
66.56,27.67,1
66.62,27.65,1
66.68,27.65,1
66.76,27.64,1
66.82,27.65,1
66.88,27.65,1
66.85,27.65,1
66.85,27.65,1
66.85,27.64,1
66.85,27.65,1
66.85,27.65,1
66.79,27.64,1
66.79,27.66,1
66.79,27.65,1
66.79,27.65,1
66.82,27.63,1
66.94,27.62,1
66.97,27.59,1
66.97,27.61,1
66.91,27.6,1
66.85,27.6,1
66.88,27.59,1
66.94,27.58,1
67.03,27.56,1
67.11,27.56,1
67.2,27.55,1
67.26,27.54,1
67.29,27.54,1
67.37,27.51,1
67.46,27.49,1
67.52,27.48,1
67.58,27.47,1
67.63,27.46,1
67.66,27.47,1
67.61,27.48,1
67.61,27.48,1
67.58,27.49,1
67.55,27.5,1
67.55,27.48,1
67.61,27.47,1
67.58,27.48,1
67.43,27.48,1
67.32,27.49,1
67.32,27.49,1
67.37,27.47,1
67.49,27.46,1
67.55,27.47,1
67.58,27.46,1
67.63,27.45,1
67.66,27.45,1
67.66,27.43,1
67.69,27.43,1
67.78,27.4,1
67.81,27.42,1
67.69,27.42,1
67.52,27.42,1
67.49,27.44,1
67.52,27.44,1
67.49,27.46,1
67.49,27.46,1
67.49,27.47,1
67.49,27.47,1
67.46,27.49,1
67.46,27.49,1
67.49,27.48,1
67.52,27.49,1
67.58,27.49,1
67.58,27.49,1
67.63,27.49,1
67.66,27.48,1
67.63,27.49,1
67.66,27.47,1
67.66,27.47,1
67.63,27.47,1
67.66,27.45,1
67.63,27.47,1
67.63,27.49,1
67.61,27.49,1
67.61,27.49,1
67.55,27.49,1
67.49,27.48,1
67.46,27.46,1
67.49,27.45,1
67.46,27.45,1
67.43,27.46,1
67.43,27.46,1
67.43,27.48,1
67.4,27.48,1
67.4,27.49,1
67.49,27.47,1
67.61,27.45,1
67.66,27.42,1
67.69,27.41,1
67.78,27.38,1
67.81,27.38,1
67.75,27.37,1
67.69,27.38,1
67.69,27.38,1
67.75,27.38,1
67.81,27.38,1
67.87,27.39,1
67.87,27.4,1
67.81,27.41,1
67.78,27.42,1
67.78,27.44,1
67.72,27.43,1
67.72,27.45,1
67.69,27.45,1
67.66,27.45,1
67.72,27.46,1
67.78,27.49,1
67.78,27.5,1
67.75,27.48,1
67.75,27.48,1
67.72,27.48,1
67.72,27.49,1
67.69,27.49,1
67.61,27.51,1
67.49,27.51,1
67.46,27.51,1
67.43,27.5,1
67.52,27.49,1
67.58,27.49,1
67.66,27.49,1
67.72,27.49,1
67.69,27.5,1
67.61,27.51,1
67.52,27.52,1
67.61,27.52,1
67.66,27.52,1
67.72,27.54,1
67.69,27.55,1
67.66,27.54,1
67.63,27.53,1
67.63,27.53,1
67.69,27.52,1
67.69,27.51,1
67.58,27.52,1
67.52,27.51,1
67.55,27.49,1
67.61,27.49,1
67.66,27.49,1
67.61,27.5,1
67.61,27.51,1
67.61,27.5,1
67.63,27.51,1
67.66,27.52,1
67.69,27.51,1
67.66,27.53,1
67.61,27.51,1
67.55,27.51,1
67.55,27.51,1
67.52,27.5,1
67.55,27.45,1
67.75,27.41,1
67.92,27.41,1
67.95,27.43,1
67.95,27.44,1
67.95,27.46,1
67.9,27.47,1
67.87,27.46,1
67.84,27.47,1
67.81,27.5,1
67.69,27.53,1
67.61,27.56,1
67.55,27.56,1
67.52,27.57,1
67.55,27.57,1
67.46,27.57,1
67.4,27.59,1
67.4,27.6,1
67.4,27.6,1
67.35,27.61,1
67.32,27.63,1
67.29,27.61,1
67.29,27.63,1
67.26,27.63,1
67.23,27.65,1
67.2,27.65,1
67.14,27.69,1
67.08,27.7,1
67,27.71,1
66.97,27.72,1
66.94,27.75,1
66.91,27.77,1
66.88,27.79,1
66.82,27.79,1
66.85,27.77,1
66.88,27.76,1
66.91,27.77,1
66.91,27.76,1
66.94,27.75,1
66.97,27.75,1
66.94,27.75,1
66.82,27.75,1
66.82,27.75,1
66.82,27.77,1
66.76,27.77,1
66.73,27.79,1
66.71,27.81,1
66.68,27.81,1
66.62,27.8,1
66.59,27.82,1
66.56,27.83,1
66.53,27.85,1
66.59,27.86,1
66.59,27.85,1
66.62,27.86,1
66.62,27.89,1
66.53,27.93,1
66.41,27.94,1
66.36,27.93,1
66.33,27.92,1
66.38,27.9,1
66.41,27.89,1
66.38,27.9,1
66.3,27.9,1
66.3,27.89,1
66.3,27.88,1
66.18,27.87,1
66,27.84,1
66.06,27.84,1
66.09,27.82,1
66.24,27.82,1
66.33,27.81,1
66.38,27.81,1
66.47,27.82,1
66.59,27.83,1
66.53,27.82,1
66.47,27.83,1
66.5,27.84,1
66.56,27.85,1
66.62,27.86,1
66.59,27.86,1
66.62,27.87,1
66.62,27.87,1
66.59,27.86,1
66.53,27.86,1
66.5,27.85,1
66.5,27.84,1
66.47,27.84,1
66.47,27.83,1
66.38,27.83,1
66.3,27.82,1
66.27,27.82,1
66.24,27.83,1
66.18,27.82,1
66.18,27.83,1
66.36,27.81,1
66.44,27.81,1
66.47,27.81,1
66.5,27.8,1
66.56,27.78,1
66.56,27.77,1
66.68,27.76,1
66.76,27.74,1
66.76,27.73,1
66.76,27.72,1
66.76,27.71,1
66.76,27.73,1
66.68,27.73,1
66.68,27.73,1
66.62,27.73,1
66.53,27.73,1
66.41,27.72,1
66.41,27.71,1
66.44,27.73,1
66.5,27.73,1
66.41,27.73,1
66.53,27.73,1
66.56,27.72,1
66.59,27.71,1
66.68,27.72,1
66.79,27.71,1
66.82,27.7,1
66.91,27.68,1
66.94,27.69,1
66.91,27.68,1
66.88,27.69,1
66.91,27.69,1
66.94,27.68,1
66.91,27.67,1
66.88,27.69,1
66.85,27.69,1
66.82,27.69,1
66.71,27.67,1
66.76,27.66,1
66.73,27.67,1
66.73,27.67,1
66.59,27.68,1
66.33,27.68,1
66.3,27.67,1
66.44,27.67,1
66.68,27.66,1
66.79,27.65,1
66.82,27.65,1
66.76,27.65,1
66.73,27.64,1
66.76,27.63,1
66.85,27.65,1
66.94,27.62,1
67.03,27.62,1
67.05,27.63,1
67.03,27.62,1
67.11,27.59,1
67.17,27.61,1
67.2,27.59,1
67.2,27.61,1
67.29,27.59,1
67.23,27.59,1
67.2,27.61,1
67.29,27.6,1
67.32,27.59,1
67.4,27.58,1
67.49,27.56,1
67.55,27.55,1
67.61,27.51,1
67.66,27.52,1
67.69,27.51,1
67.69,27.53,1
67.69,27.5,1
67.75,27.5,1
67.81,27.49,1
67.81,27.49,1
67.78,27.49,1
67.78,27.49,1
67.78,27.49,1
67.78,27.48,1
67.81,27.47,1
67.81,27.45,1
67.87,27.45,1
67.87,27.45,1
67.9,27.43,1
67.95,27.43,1
67.98,27.45,1
68.01,27.43,1
68.01,27.42,1
68.04,27.42,1
68.04,27.43,1
68.04,27.42,1
67.98,27.44,1
67.95,27.44,1
67.92,27.44,1
67.98,27.43,1
67.98,27.45,1
67.98,27.43,1
68.04,27.39,1
68.04,27.38,1
68.1,27.35,1
68.15,27.35,1
68.18,27.33,1
68.27,27.32,1
68.3,27.32,1
68.3,27.36,1
68.21,27.39,1
68.18,27.4,1
68.1,27.4,1
68.1,27.4,1
68.1,27.41,1
68.04,27.42,1
68.01,27.42,1
68.01,27.43,1
68.01,27.42,1
67.95,27.44,1
67.9,27.45,1
67.84,27.45,1
67.81,27.45,1
67.75,27.44,1
67.69,27.47,1
67.58,27.47,1
67.49,27.47,1
67.43,27.47,1
67.46,27.47,1
67.46,27.47,1
67.49,27.48,1
67.58,27.47,1
67.66,27.46,1
67.66,27.45,1
67.63,27.47,1
67.58,27.46,1
67.52,27.46,1
67.58,27.49,1
67.58,27.47,1
67.58,27.49,1
67.55,27.49,1
67.52,27.5,1
67.46,27.51,1
67.43,27.51,1
67.4,27.52,1
67.4,27.51,1
67.52,27.5,1
67.61,27.51,1
67.61,27.51,1
67.61,27.52,1
67.55,27.53,1
67.52,27.52,1
67.4,27.53,1
67.26,27.53,1
67.17,27.52,1
67.23,27.52,1
67.49,27.5,1
67.61,27.49,1
67.66,27.47,1
67.69,27.47,1
67.69,27.47,1
67.66,27.47,1
67.66,27.47,1
67.72,27.47,1
67.75,27.45,1
67.81,27.42,1
67.9,27.41,1
67.95,27.4,1
67.98,27.39,1
67.98,27.39,1
67.98,27.4,1
67.98,27.41,1
67.95,27.41,1
67.92,27.43,1
67.9,27.44,1
67.87,27.45,1
67.84,27.45,1
67.81,27.45,1
67.81,27.46,1
67.81,27.48,1
67.78,27.47,1
67.78,27.46,1
67.87,27.45,1
67.9,27.43,1
67.98,27.44,1
68.01,27.43,1
68.01,27.43,1
67.9,27.43,1
67.58,27.43,1
67.69,27.41,1
67.78,27.43,1
67.87,27.42,1
67.98,27.42,1
67.98,27.41,1
67.98,27.41,1
68.04,27.4,1
68.07,27.4,1
68.07,27.39,1
68.13,27.39,1
68.15,27.38,1
68.15,27.4,1
68.13,27.41,1
68.1,27.42,1
68.07,27.42,1
68.04,27.42,1
67.98,27.4,1
68.01,27.41,1
67.98,27.43,1
67.95,27.43,1
67.92,27.44,1
67.87,27.44,1
67.81,27.44,1
67.81,27.47,1
67.78,27.44,1
67.81,27.44,1
67.9,27.43,1
67.95,27.42,1
67.98,27.41,1
67.98,27.42,1
68.01,27.43,1
68.01,27.41,1
67.92,27.43,1
67.92,27.43,1
67.9,27.43,1
67.81,27.43,1
67.84,27.42,1
67.78,27.42,1
67.61,27.43,1
67.55,27.43,1
67.46,27.42,1
67.55,27.41,1
67.55,27.41,1
67.69,27.4,1
67.84,27.38,1
67.9,27.38,1
67.87,27.38,1
67.84,27.39,1
67.72,27.39,1
67.78,27.38,1
67.92,27.37,1
67.95,27.38,1
67.92,27.39,1
67.87,27.4,1
67.84,27.4,1
67.84,27.4,1
67.84,27.39,1
67.92,27.39,1
67.95,27.39,1
67.92,27.4,1
67.9,27.41,1
67.87,27.41,1
67.87,27.4,1
67.95,27.39,1
68.07,27.38,1
68.13,27.37,1
68.13,27.37,1
68.15,27.35,1
68.13,27.36,1
68.1,27.38,1
68.13,27.36,1
68.15,27.37,1
68.18,27.36,1
68.18,27.37,1
68.13,27.36,1
68.13,27.38,1
68.1,27.37,1
68.07,27.36,1
68.04,27.37,1
68.01,27.36,1
68.1,27.36,1
68.15,27.36,1
68.15,27.37,1
68.15,27.35,1
68.18,27.33,1
68.21,27.34,1
68.24,27.33,1
68.24,27.34,1
68.27,27.33,1
68.3,27.29,1
68.3,27.28,1
68.39,27.27,1
68.39,27.29,1
68.41,27.29,1
68.24,27.29,1
68.24,27.3,1
68.27,27.31,1
68.33,27.31,1
68.36,27.33,1
68.41,27.29,1
68.5,27.3,1
68.5,27.28,1
68.5,27.27,1
68.44,27.27,1
68.5,27.25,1
68.59,27.22,1
68.67,27.23,1
68.67,27.24,1
68.64,27.25,1
68.62,27.23,1
68.59,27.23,1
68.64,27.22,1
68.67,27.21,1
68.7,27.21,1
68.73,27.19,1
68.73,27.21,1
68.73,27.21,1
68.7,27.21,1
68.7,27.21,1
68.7,27.22,1
68.7,27.22,1
68.73,27.21,1
68.73,27.21,1
68.76,27.21,1
68.76,27.21,1
68.76,27.22,1
68.7,27.23,1
68.64,27.23,1
68.7,27.22,1
68.7,27.21,1
68.73,27.2,1
68.73,27.2,1
68.76,27.19,1
68.79,27.19,1
68.82,27.19,1
68.82,27.19,1
68.85,27.19,1
68.85,27.21,1
68.82,27.21,1
68.76,27.21,1
68.76,27.21,1
68.76,27.2,1
68.73,27.19,1
68.7,27.18,1
68.76,27.19,1
68.82,27.2,1
68.82,27.19,1
68.79,27.19,1
68.76,27.19,1
68.73,27.2,1
68.7,27.2,1
68.67,27.2,1
68.67,27.2,1
68.64,27.2,1
68.64,27.22,1
68.62,27.23,1
68.62,27.22,1
68.64,27.22,1
68.64,27.22,1
68.64,27.2,1
68.64,27.21,1
68.62,27.21,1
68.59,27.18,1
68.62,27.18,1
68.62,27.18,1
68.64,27.18,1
68.67,27.17,1
68.67,27.17,1
68.67,27.16,1
68.67,27.17,1
68.67,27.16,1
68.73,27.16,1
68.76,27.15,1
68.79,27.16,1
68.82,27.14,1
68.9,27.16,1
68.87,27.15,1
68.85,27.16,1
68.79,27.17,1
68.79,27.16,1
68.82,27.15,1
68.9,27.14,1
68.93,27.15,1
68.93,27.15,1
68.9,27.17,1
68.87,27.17,1
68.85,27.15,1
68.9,27.13,1
69.02,27.12,1
69.08,27.11,1
69.13,27.11,1
69.16,27.12,1
69.19,27.1,1
69.22,27.09,1
69.22,27.11,1
69.16,27.12,1
69.13,27.14,1
69.08,27.12,1
69.05,27.14,1
69.08,27.16,1
69.02,27.13,1
69.02,27.13,1
69.05,27.13,1
69.05,27.14,1
69.08,27.13,1
69.08,27.12,1
69.08,27.11,1
69.08,27.1,1
69.1,27.09,1
69.16,27.07,1
69.25,27.05,1
69.28,27.05,1
69.33,27.05,1
69.33,27.06,1
69.33,27.05,1
69.33,27.05,1
69.3,27.05,1
69.28,27.07,1
69.25,27.06,1
69.25,27.07,1
69.19,27.07,1
69.22,27.08,1
69.19,27.07,1
69.16,27.11,1
69.1,27.11,1
69.08,27.11,1
69.1,27.08,1
69.13,27.07,1
69.13,27.06,1
69.19,27.08,1
69.19,27.06,1
69.19,27.08,1
69.19,27.07,1
69.19,27.08,1
69.16,27.08,1
69.13,27.08,1
69.1,27.07,1
69.13,27.06,1
69.16,27.06,1
69.19,27.05,1
69.19,27.07,1
69.13,27.09,1
69.08,27.1,1
69.05,27.09,1
69.02,27.11,1
68.99,27.09,1
68.99,27.1,1
68.99,27.11,1
68.99,27.09,1
68.99,27.09,1
69.05,27.07,1
69.1,27.07,1
69.1,27.07,1
69.13,27.07,1
69.22,27.07,1
69.22,27.06,1
69.25,27.05,1
69.28,27.05,1
69.28,27.06,1
69.3,27.06,1
69.28,27.07,1
69.25,27.07,1
69.22,27.07,1
69.22,27.06,1
69.33,27.05,1
69.42,27.04,1
69.42,27.03,1
69.39,27.01,1
69.42,27,1
69.42,27.01,1
69.42,27,1
69.42,26.97,1
69.45,26.96,1
69.5,26.96,1
69.5,26.99,1
69.48,26.97,1
69.42,26.99,1
69.36,27,1
69.3,27.01,1
69.28,27.02,1
69.22,27.04,1
69.22,27.05,1
69.19,27.06,1
69.19,27.06,1
69.19,27.06,1
69.16,27.06,1
69.16,27.07,1
69.19,27.07,1
69.13,27.07,1
69.1,27.06,1
69.08,27.08,1
69.08,27.06,1
69.08,27.07,1
69.1,27.06,1
69.13,27.06,1
69.13,27.07,1
69.13,27.06,1
69.13,27.07,1
69.1,27.07,1
69.08,27.07,1
69.08,27.08,1
69.08,27.07,1
69.08,27.07,1
69.05,27.07,1
69.08,27.07,1
69.05,27.06,1
69.05,27.07,1
69.08,27.07,1
69.08,27.08,1
69.02,27.09,1
69.05,27.09,1
69.08,27.07,1
69.13,27.07,1
69.19,27.06,1
69.19,27.07,1
69.13,27.08,1
69.08,27.09,1
69.08,27.09,1
69.08,27.1,1
69.1,27.09,1
69.08,27.09,1
69.08,27.08,1
69.13,27.07,1
69.13,27.08,1
69.16,27.08,1
69.16,27.09,1
69.16,27.08,1
69.16,27.07,1
69.1,27.09,1
69.05,27.08,1
69.02,27.08,1
68.99,27.08,1
68.96,27.09,1
68.93,27.1,1
68.96,27.1,1
68.96,27.11,1
68.99,27.11,1
69.02,27.1,1
68.99,27.09,1
69.05,27.08,1
69.1,27.08,1
69.13,27.07,1
69.16,27.05,1
69.16,27.06,1
69.19,27.05,1
69.16,27.04,1
69.16,27.05,1
69.13,27.07,1
69.19,27.07,1
69.16,27.07,1
69.22,27.06,1
69.22,27.07,1
69.22,27.06,1
69.19,27.07,1
69.19,27.03,1
69.22,27.02,1
69.28,27,1
69.33,27.02,1
69.3,27.03,1
69.28,27.04,1
69.28,27.04,1
69.3,27.03,1
69.3,27.04,1
69.28,27.04,1
69.25,27.05,1
69.22,27.05,1
69.25,27.05,1
69.25,27.03,1
69.28,27.02,1
69.3,27.02,1
69.3,27.02,1
69.28,27.03,1
69.28,27.04,1
69.28,27.03,1
69.3,27.03,1
69.28,27.05,1
69.25,27.05,1
69.25,27.05,1
69.22,27.04,1
69.22,27.05,1
69.19,27.06,1
69.19,27.05,1
69.25,27.05,1
69.25,27.03,1
69.28,27.03,1
69.3,27.03,1
69.33,27.02,1
69.36,27.01,1
69.36,27.03,1
69.33,27.03,1
69.36,27.03,1
69.28,27.06,1
69.28,27.05,1
69.28,27.03,1
69.28,27.05,1
69.22,27.06,1
69.25,27.07,1
69.22,27.07,1
69.22,27.08,1
69.25,27.07,1
69.28,27.08,1
69.28,27.08,1
69.3,27.06,1
69.3,27.06,1
69.39,27.06,1
69.39,27.05,1
69.36,27.05,1
69.36,27.05,1
69.36,27.04,1
69.33,27.03,1
69.36,27.01,1
69.42,27,1
69.45,27.01,1
69.48,27.02,1
69.5,27.02,1
69.5,27.01,1
69.62,27,1
69.59,27.01,1
69.56,26.99,1
69.53,27.01,1
69.53,27,1
69.5,27.01,1
69.53,26.99,1
69.59,26.97,1
69.62,26.98,1
69.62,26.97,1
69.62,26.97,1
69.59,26.97,1
69.62,26.96,1
69.59,26.97,1
69.53,26.97,1
69.5,26.97,1
69.53,26.95,1
69.59,26.95,1
69.65,26.96,1
69.68,26.97,1
69.7,26.95,1
69.76,26.94,1
69.76,26.95,1
69.73,26.97,1
69.7,26.97,1
69.68,26.97,1
69.68,26.98,1
69.68,26.98,1
69.65,26.97,1
69.65,26.97,1
69.65,26.95,1
69.65,26.94,1
69.62,26.95,1
69.65,26.94,1
69.7,26.93,1
69.76,26.93,1
69.73,26.93,1
69.73,26.95,1
69.73,26.94,1
69.73,26.93,1
69.7,26.94,1
69.68,26.94,1
69.68,26.93,1
69.7,26.93,1
69.73,26.91,1
69.79,26.9,1
69.82,26.91,1
69.79,26.92,1
69.73,26.94,1
69.7,26.94,1
69.68,26.92,1
69.7,26.9,1
69.76,26.89,1
69.79,26.9,1
69.82,26.9,1
69.82,26.89,1
69.85,26.88,1
69.88,26.87,1
69.88,26.88,1
69.88,26.9,1
69.88,26.89,1
69.88,26.89,1
69.88,26.89,1
69.82,26.9,1
69.76,26.91,1
69.73,26.93,1
69.73,26.91,1
69.73,26.92,1
69.73,26.92,1
69.73,26.91,1
69.79,26.88,1
69.85,26.88,1
69.88,26.88,1
69.85,26.91,1
69.82,26.91,1
69.85,26.91,1
69.88,26.92,1
69.88,26.91,1
69.88,26.91,1
69.85,26.93,1
69.82,26.93,1
69.85,26.91,1
69.82,26.93,1
69.82,26.93,1
69.82,26.93,1
69.79,26.93,1
69.82,26.92,1
69.85,26.91,1
69.88,26.89,1
69.79,26.87,1
69.79,26.87,1
69.82,26.87,1
69.82,26.87,1
69.85,26.87,1
69.85,26.87,1
69.82,26.88,1
69.85,26.89,1
69.82,26.88,1
69.82,26.88,1
69.82,26.9,1
69.79,26.9,1
69.79,26.89,1
69.79,26.9,1
69.82,26.9,1
69.9,26.86,1
69.99,26.84,1
70.08,26.84,1
70.1,26.83,1
70.16,26.83,1
70.1,26.84,1
70.1,26.84,1
70.1,26.82,1
70.1,26.82,1
70.1,26.81,1
70.08,26.83,1
70.05,26.82,1
70.1,26.83,1
70.1,26.83,1
70.1,26.84,1
70.13,26.85,1
70.13,26.85,1
70.1,26.85,1
70.05,26.87,1
70.1,26.87,1
70.16,26.87,1
70.13,26.87,1
70.13,26.88,1
70.1,26.89,1
70.08,26.89,1
70.05,26.89,1
69.99,26.88,1
70.02,26.88,1
69.99,26.87,1
69.96,26.86,1
69.99,26.87,1
69.99,26.88,1
69.96,26.89,1
69.99,26.89,1
70.02,26.88,1
70.08,26.87,1
70.05,26.89,1
70.08,26.88,1
70.05,26.89,1
70.02,26.9,1
70.08,26.9,1
70.08,26.9,1
70.13,26.89,1
70.13,26.89,1
70.19,26.87,1
70.16,26.87,1
70.16,26.84,1
70.19,26.84,1
70.22,26.83,1
70.25,26.83,1
70.27,26.83,1
70.27,26.83,1
70.25,26.84,1
70.22,26.83,1
70.25,26.83,1
70.19,26.83,1
70.16,26.84,1
70.13,26.86,1
70.1,26.86,1
70.1,26.87,1
70.16,26.86,1
70.16,26.87,1
70.13,26.87,1
70.1,26.86,1
70.16,26.85,1
70.16,26.86,1
70.16,26.86,1
70.16,26.85,1
70.16,26.84,1
70.1,26.85,1
70.08,26.86,1
70.08,26.87,1
70.13,26.88,1
70.16,26.87,1
70.19,26.88,1
70.22,26.87,1
70.3,26.86,1
70.39,26.87,1
70.39,26.87,1
70.36,26.87,1
70.39,26.85,1
70.42,26.85,1
70.44,26.85,1
70.42,26.84,1
70.36,26.83,1
70.33,26.81,1
70.33,26.81,1
70.36,26.81,1
70.42,26.83,1
70.36,26.83,1
70.36,26.83,1
70.3,26.84,1
70.33,26.84,1
70.3,26.85,1
70.3,26.85,1
70.3,26.86,1
70.27,26.86,1
70.27,26.87,1
70.25,26.87,1
70.27,26.87,1
70.22,26.87,1
70.22,26.87,1
70.19,26.87,1
70.22,26.87,1
70.22,26.87,1
70.25,26.86,1
70.3,26.83,1
70.36,26.83,1
70.39,26.81,1
70.44,26.81,1
70.44,26.81,1
70.44,26.81,1
70.44,26.82,1
70.47,26.82,1
70.47,26.81,1
70.47,26.83,1
70.42,26.84,1
70.42,26.84,1
70.42,26.85,1
70.39,26.83,1
70.36,26.85,1
70.33,26.85,1
70.3,26.87,1
70.27,26.86,1
70.3,26.83,1
70.36,26.82,1
70.42,26.82,1
70.44,26.81,1
70.47,26.82,1
70.44,26.8,1
70.44,26.81,1
70.47,26.81,1
70.5,26.81,1
70.56,26.8,1
70.62,26.8,1
70.64,26.79,1
70.64,26.8,1
70.62,26.78,1
70.59,26.77,1
70.62,26.78,1
70.62,26.77,1
70.64,26.76,1
70.7,26.76,1
70.73,26.76,1
70.79,26.75,1
70.76,26.76,1
70.76,26.77,1
70.76,26.76,1
70.81,26.75,1
70.87,26.73,1
70.9,26.73,1
70.95,26.72,1
70.95,26.72,1
70.98,26.71,1
70.98,26.73,1
70.95,26.73,1
70.95,26.73,1
70.98,26.74,1
70.93,26.75,1
70.93,26.75,1
70.9,26.75,1
70.93,26.73,1
70.98,26.73,1
71.01,26.71,1
71.01,26.72,1
71.01,26.74,1
70.95,26.73,1
70.93,26.74,1
70.9,26.74,1
70.9,26.73,1
70.93,26.72,1
70.95,26.74,1
70.9,26.76,1
70.9,26.76,1
70.87,26.77,1
70.87,26.75,1
70.87,26.77,1
70.87,26.77,1
70.79,26.78,1
70.76,26.79,1
70.76,26.78,1
70.76,26.78,1
70.76,26.76,1
70.76,26.77,1
70.73,26.76,1
70.73,26.75,1
70.7,26.75,1
70.73,26.75,1
70.73,26.75,1
70.73,26.77,1
70.67,26.77,1
70.64,26.77,1
70.67,26.77,1
70.64,26.76,1
70.67,26.75,1
70.64,26.73,1
70.67,26.72,1
70.67,26.72,1
70.73,26.72,1
70.73,26.72,1
70.76,26.72,1
70.84,26.71,1
70.9,26.69,1
70.95,26.69,1
71.01,26.68,1
71.01,26.68,1
71.07,26.66,1
71.07,26.68,1
71.01,26.67,1
71.07,26.67,1
71.07,26.66,1
71.07,26.65,1
71.1,26.65,1
71.04,26.65,1
71.07,26.65,1
71.07,26.63,1
71.1,26.64,1
71.07,26.64,1
71.07,26.64,1
71.07,26.64,1
71.07,26.65,1
71.12,26.66,1
71.12,26.65,1
71.12,26.67,1
71.15,26.66,1
71.24,26.64,1
71.24,26.65,1
71.24,26.65,1
71.27,26.66,1
71.27,26.66,1
71.29,26.67,1
71.21,26.65,1
71.21,26.66,1
71.18,26.65,1
71.12,26.67,1
71.07,26.69,1
71.04,26.69,1
71.01,26.71,1
70.98,26.69,1
71.01,26.7,1
71.01,26.7,1
71.01,26.71,1
70.95,26.73,1
70.95,26.71,1
71.04,26.72,1
71.07,26.71,1
71.07,26.71,1
71.12,26.71,1
71.1,26.72,1
71.04,26.72,1
70.95,26.72,1
70.98,26.72,1
71.01,26.73,1
71.04,26.73,1
71.07,26.72,1
71.07,26.72,1
71.07,26.71,1
71.1,26.72,1
71.12,26.71,1
71.15,26.71,1
71.12,26.72,1
71.07,26.72,1
71.12,26.7,1
71.15,26.71,1
71.07,26.72,1
71.07,26.69,1
71.1,26.69,1
71.07,26.67,1
71.1,26.67,1
71.15,26.66,1
71.18,26.65,1
71.21,26.67,1
71.18,26.68,1
71.12,26.69,1
71.12,26.69,1
71.1,26.7,1
71.07,26.69,1
71.1,26.71,1
71.1,26.71,1
71.07,26.69,1
71.12,26.69,1
71.18,26.68,1
71.18,26.69,1
71.18,26.69,1
71.18,26.68,1
71.12,26.68,1
71.18,26.69,1
71.21,26.67,1
71.21,26.68,1
71.21,26.69,1
71.21,26.67,1
71.18,26.68,1
71.21,26.68,1
71.24,26.69,1
71.24,26.69,1
71.18,26.71,1
71.12,26.7,1
71.18,26.7,1
71.21,26.71,1
71.21,26.67,1
71.27,26.67,1
71.27,26.67,1
71.29,26.66,1
71.29,26.67,1
71.32,26.65,1
71.38,26.65,1
71.35,26.65,1
71.38,26.65,1
71.35,26.66,1
71.32,26.63,1
71.38,26.61,1
71.44,26.6,1
71.55,26.57,1
71.63,26.58,1
71.66,26.57,1
71.69,26.59,1
71.69,26.57,1
71.75,26.56,1
71.75,26.56,1
71.77,26.55,1
71.75,26.56,1
71.72,26.55,1
71.72,26.57,1
71.72,26.57,1
71.69,26.58,1
71.66,26.57,1
71.63,26.57,1
71.63,26.57,1
71.6,26.58,1
71.63,26.58,1
71.6,26.59,1
71.58,26.59,1
71.52,26.6,1
71.52,26.61,1
71.52,26.6,1
71.52,26.61,1
71.58,26.59,1
71.63,26.59,1
71.6,26.6,1
71.6,26.62,1
71.58,26.62,1
71.58,26.62,1
71.58,26.62,1
71.58,26.61,1
71.6,26.6,1
71.63,26.6,1
71.63,26.59,1
71.63,26.58,1
71.66,26.57,1
71.69,26.56,1
71.72,26.56,1
71.69,26.56,1
71.72,26.56,1
71.77,26.56,1
71.77,26.57,1
71.72,26.57,1
71.69,26.56,1
71.66,26.53,1
71.77,26.52,1
71.83,26.53,1
71.86,26.57,1
71.83,26.59,1
71.8,26.59,1
71.77,26.6,1
71.75,26.61,1
71.75,26.6,1
71.75,26.59,1
71.72,26.61,1
71.66,26.61,1
71.6,26.61,1
71.58,26.62,1
71.49,26.63,1
71.46,26.64,1
71.55,26.67,1
71.52,26.68,1
71.52,26.68,1
71.41,26.7,1
71.32,26.7,1
71.32,26.7,1
71.32,26.69,1
71.35,26.69,1
71.35,26.69,1
71.38,26.69,1
71.46,26.69,1
71.41,26.69,1
71.38,26.69,1
71.35,26.68,1
71.29,26.69,1
71.29,26.69,1
71.29,26.68,1
71.18,26.69,1
71.21,26.69,1
71.24,26.69,1
71.29,26.67,1
71.29,26.68,1
71.29,26.68,1
71.18,26.7,1
71.15,26.69,1
71.18,26.69,1
71.24,26.68,1
71.29,26.67,1
71.35,26.66,1
71.41,26.67,1
71.41,26.65,1
71.41,26.63,1
71.41,26.63,1
71.41,26.61,1
71.44,26.61,1
71.44,26.59,1
71.49,26.57,1
71.55,26.56,1
71.6,26.55,1
71.66,26.55,1
71.63,26.56,1
71.6,26.57,1
71.6,26.59,1
71.6,26.58,1
71.55,26.58,1
71.52,26.59,1
71.49,26.59,1
71.55,26.58,1
71.6,26.58,1
71.66,26.59,1
71.66,26.57,1
71.66,26.57,1
71.6,26.57,1
71.6,26.56,1
71.72,26.56,1
71.75,26.54,1
71.83,26.51,1
71.94,26.5,1
71.94,26.51,1
71.91,26.5,1
71.94,26.51,1
71.94,26.53,1
71.91,26.55,1
71.89,26.56,1
71.86,26.57,1
71.83,26.59,1
71.8,26.6,1
71.77,26.6,1
71.72,26.61,1
71.69,26.61,1
71.66,26.6,1
71.72,26.61,1
71.69,26.61,1
71.75,26.6,1
71.8,26.59,1
71.86,26.57,1
71.89,26.57,1
71.91,26.56,1
71.91,26.56,1
71.91,26.56,1
71.91,26.54,1
71.91,26.54,1
71.91,26.55,1
71.77,26.54,1
71.69,26.56,1
71.75,26.57,1
71.69,26.58,1
71.69,26.59,1
71.66,26.59,1
71.63,26.6,1
71.63,26.61,1
71.69,26.6,1
71.75,26.58,1
71.83,26.59,1
71.86,26.6,1
71.83,26.59,1
71.8,26.6,1
71.6,26.6,1
71.44,26.59,1
71.63,26.59,1
71.77,26.61,1
71.8,26.61,1
71.75,26.63,1
71.77,26.61,1
71.8,26.63,1
71.83,26.62,1
71.91,26.63,1
71.89,26.64,1
71.86,26.64,1
71.8,26.65,1
71.77,26.64,1
71.77,26.63,1
71.75,26.62,1
71.83,26.63,1
71.83,26.62,1
71.86,26.63,1
71.83,26.62,1
71.8,26.62,1
71.83,26.6,1
71.86,26.61,1
71.89,26.59,1
71.94,26.58,1
71.97,26.56,1
71.97,26.55,1
71.94,26.56,1
71.75,26.57,1
71.6,26.58,1
71.63,26.55,1
71.75,26.55,1
71.83,26.57,1
71.8,26.57,1
71.69,26.57,1
71.63,26.58,1
71.58,26.57,1
71.63,26.57,1
71.58,26.57,1
71.46,26.59,1
71.44,26.59,1
71.44,26.6,1
71.46,26.6,1
71.52,26.61,1
71.52,26.6,1
71.55,26.62,1
71.63,26.6,1
71.69,26.6,1
71.75,26.6,1
71.75,26.62,1
71.77,26.6,1
71.8,26.58,1
71.8,26.56,1
71.8,26.58,1
71.77,26.6,1
71.75,26.6,1
71.77,26.6,1
71.83,26.6,1
71.8,26.61,1
71.77,26.6,1
71.77,26.6,1
71.83,26.6,1
71.83,26.6,1
71.86,26.58,1
71.83,26.59,1
71.8,26.59,1
71.83,26.6,1
71.83,26.61,1
71.86,26.59,1
71.89,26.59,1
71.97,26.56,1
72.11,26.53,1
72.19,26.53,1
72.25,26.52,1
72.28,26.51,1
72.28,26.53,1
72.28,26.53,1
72.25,26.53,1
72.25,26.53,1
72.25,26.51,1
72.25,26.53,1
72.28,26.52,1
72.31,26.51,1
72.33,26.49,1
72.39,26.49,1
72.45,26.47,1
72.45,26.46,1
72.45,26.46,1
72.42,26.47,1
72.36,26.46,1
72.28,26.47,1
72.31,26.46,1
72.39,26.45,1
72.42,26.45,1
72.47,26.43,1
72.53,26.44,1
72.53,26.45,1
72.5,26.44,1
72.47,26.46,1
72.45,26.46,1
72.47,26.45,1
72.47,26.45,1
72.53,26.45,1
72.53,26.47,1
72.5,26.48,1
72.45,26.48,1
72.42,26.49,1
72.39,26.48,1
72.36,26.51,1
72.33,26.51,1
72.28,26.5,1
72.22,26.53,1
72.19,26.53,1
72.17,26.53,1
72.17,26.53,1
72.17,26.52,1
72.17,26.51,1
72.17,26.51,1
72.17,26.51,1
72.17,26.53,1
72.17,26.52,1
72.17,26.51,1
72.19,26.51,1
72.25,26.49,1
72.33,26.5,1
72.33,26.5,1
72.36,26.49,1
72.33,26.49,1
72.31,26.52,1
72.31,26.53,1
72.31,26.51,1
72.31,26.52,1
72.33,26.52,1
72.33,26.52,1
72.36,26.49,1
72.39,26.49,1
72.42,26.49,1
72.42,26.47,1
72.42,26.47,1
72.47,26.45,1
72.47,26.43,1
72.53,26.43,1
72.56,26.44,1
72.56,26.43,1
72.61,26.43,1
72.64,26.44,1
72.64,26.44,1
72.64,26.43,1
72.7,26.45,1
72.67,26.44,1
72.64,26.46,1
72.56,26.46,1
72.5,26.48,1
72.5,26.46,1
72.5,26.47,1
72.53,26.45,1
72.56,26.46,1
72.61,26.45,1
72.61,26.47,1
72.56,26.47,1
72.56,26.47,1
72.5,26.47,1
72.5,26.48,1
72.47,26.49,1
72.5,26.47,1
72.5,26.47,1
72.45,26.46,1
72.42,26.43,1
72.45,26.44,1
72.42,26.45,1
72.45,26.48,1
72.39,26.45,1
72.42,26.46,1
72.42,26.47,1
72.42,26.47,1
72.39,26.47,1
72.36,26.48,1
72.36,26.5,1
72.36,26.5,1
72.36,26.5,1
72.36,26.49,1
72.36,26.51,1
72.42,26.49,1
72.47,26.49,1
72.47,26.49,1
72.5,26.49,1
72.47,26.51,1
72.45,26.5,1
72.47,26.49,1
72.47,26.49,1
72.47,26.51,1
72.5,26.49,1
72.5,26.48,1
72.53,26.49,1
72.56,26.48,1
72.53,26.47,1
72.53,26.48,1
72.5,26.49,1
72.47,26.48,1
72.47,26.48,1
72.45,26.49,1
72.42,26.51,1
72.47,26.48,1
72.56,26.47,1
72.61,26.45,1
72.67,26.43,1
72.7,26.43,1
72.78,26.39,1
72.87,26.4,1
72.84,26.41,1
72.84,26.41,1
72.84,26.41,1
72.89,26.39,1
72.95,26.38,1
72.95,26.39,1
72.95,26.4,1
72.95,26.39,1
72.98,26.38,1
72.98,26.37,1
73.01,26.37,1
73.01,26.36,1
73.01,26.37,1
73.01,26.37,1
72.95,26.39,1
72.98,26.4,1
73.01,26.4,1
72.95,26.41,1
72.92,26.42,1
72.89,26.41,1
72.87,26.42,1
72.87,26.43,1
72.84,26.43,1
72.84,26.42,1
72.81,26.41,1
72.87,26.4,1
72.89,26.39,1
72.92,26.39,1
72.92,26.38,1
72.89,26.4,1
72.92,26.39,1
72.95,26.39,1
72.95,26.38,1
72.92,26.37,1
72.89,26.37,1
72.84,26.37,1
72.87,26.36,1
72.89,26.37,1
72.89,26.38,1
72.84,26.39,1
72.81,26.37,1
72.89,26.36,1
72.98,26.33,1
73.03,26.33,1
73.12,26.33,1
73.15,26.33,1
73.15,26.34,1
73.12,26.34,1
73.09,26.33,1
73.12,26.33,1
73.12,26.34,1
73.15,26.35,1
73.17,26.35,1
73.15,26.36,1
73.09,26.35,1
73.09,26.33,1
73.12,26.34,1
73.12,26.31,1
73.15,26.33,1
73.15,26.34,1
73.09,26.33,1
73.03,26.31,1
73.03,26.33,1
73.15,26.31,1
73.17,26.3,1
73.2,26.32,1
73.15,26.32,1
73.09,26.35,1
73.03,26.35,1
73.01,26.36,1
72.98,26.35,1
73.03,26.33,1
73.06,26.32,1
73.15,26.31,1
73.15,26.31,1
73.12,26.32,1
73.12,26.32,1
73.12,26.31,1
73.12,26.29,1
73.2,26.29,1
73.26,26.3,1
73.23,26.32,1
73.23,26.33,1
73.17,26.33,1
73.15,26.34,1
